dataset,model,method,seed,split_seed,model_seed,protected_attribute,privileged_group,unprivileged_group,n_train,n_val,n_test,accuracy,f1,spd,eod,disparate_impact,train_time_sec,single_pred_latency_ms,batch_256_latency_ms,implementation_loc_added,implementation_dependencies_added,implementation_hyperparams,implementation_stage,implementation_complexity_score,method_hyperparams,aif360_version,sklearn_version,notes
adult,lr,baseline,42,42,42,sex,[{'sex': 1.0}],[{'sex': 0.0}],27133,9044,9045,0.8528468767274737,0.6735344616139318,-0.1750218187990393,-0.0828217778279918,0.3261770330473302,0.1055551000172272,0.0482000177726149,0.110599969048053,0,0,0,none,1,,0.6.1,1.5.2,
adult,lr,baseline,123,123,123,sex,[{'sex': 1.0}],[{'sex': 0.0}],27133,9044,9045,0.844776119402985,0.657393850658858,-0.1875335111231574,-0.1078942743443929,0.295335619127385,0.1041024000151082,0.0429999781772494,0.1834499998949468,0,0,0,none,1,,0.6.1,1.5.2,
adult,lr,baseline,256,256,256,sex,[{'sex': 1.0}],[{'sex': 0.0}],27133,9044,9045,0.8478717523493643,0.6625796959293772,-0.18728219511328,-0.1205450733752621,0.2901644423577357,0.1040880000218749,0.0431999797001481,0.2360499929636716,0,0,0,none,1,,0.6.1,1.5.2,
adult,lr,baseline,789,789,789,sex,[{'sex': 1.0}],[{'sex': 0.0}],27133,9044,9045,0.8449972360420122,0.6598738476467734,-0.1874318702357923,-0.086562723609385,0.3025843999635904,0.0986328000435605,0.0487000215798616,0.1772499526850879,0,0,0,none,1,,0.6.1,1.5.2,
adult,lr,baseline,1024,1024,1024,sex,[{'sex': 1.0}],[{'sex': 0.0}],27133,9044,9045,0.844776119402985,0.6512667660208644,-0.1812861071729601,-0.089026349816091,0.2922423462927784,0.1120293999556452,0.0431999797001481,0.1869500265456736,0,0,0,none,1,,0.6.1,1.5.2,
adult,lr,baseline,2048,2048,2048,sex,[{'sex': 1.0}],[{'sex': 0.0}],27133,9044,9045,0.8489773355444997,0.6663409868099658,-0.1813341414081074,-0.0745866757051934,0.3122818214671403,0.0953114000149071,0.0436999835073947,0.2384000108577311,0,0,0,none,1,,0.6.1,1.5.2,
adult,lr,baseline,4096,4096,4096,sex,[{'sex': 1.0}],[{'sex': 0.0}],27133,9044,9045,0.8505251520176893,0.6671590349581487,-0.18667792220616,-0.1156052674525163,0.2871448449088097,0.0936055000638589,0.0426999758929014,0.1778000150807202,0,0,0,none,1,,0.6.1,1.5.2,
adult,lr,baseline,8192,8192,8192,sex,[{'sex': 1.0}],[{'sex': 0.0}],27133,9044,9045,0.8487562189054726,0.6655256723716382,-0.1988239525221149,-0.1398586474849044,0.2606461302679452,0.1075595000293105,0.0430999789386987,0.3310499596409499,0,0,0,none,1,,0.6.1,1.5.2,
adult,lr,baseline,16384,16384,16384,sex,[{'sex': 1.0}],[{'sex': 0.0}],27133,9044,9045,0.8489773355444997,0.6635467980295566,-0.1803020740424887,-0.0867855484000551,0.3054104327423113,0.099731000023894,0.0440999865531921,0.1629000180400908,0,0,0,none,1,,0.6.1,1.5.2,
adult,lr,baseline,32768,32768,32768,sex,[{'sex': 1.0}],[{'sex': 0.0}],27133,9044,9045,0.8490878938640133,0.6678023850085179,-0.1898390429618867,-0.1174788787205463,0.2919015294286617,0.1062802999513223,0.0436000991612672,0.242949987296015,0,0,0,none,1,,0.6.1,1.5.2,
adult,lr,reweighing,42,42,42,sex,[{'sex': 1.0}],[{'sex': 0.0}],27133,9044,9045,0.8456605859590934,0.6469398077895802,-0.0797779547825102,0.1458686400783339,0.6292814369086701,0.0925888000056147,0.0429000938311219,0.1260999706573784,6,0,0,preprocessing,2,,0.6.1,1.5.2,
adult,lr,reweighing,123,123,123,sex,[{'sex': 1.0}],[{'sex': 0.0}],27133,9044,9045,0.8400221116639027,0.6359748427672955,-0.0817051195021558,0.1572483962891826,0.6254568621019795,0.0886703999713063,0.0432000961154699,0.2459000097587704,6,0,0,preprocessing,2,,0.6.1,1.5.2,
adult,lr,reweighing,256,256,256,sex,[{'sex': 1.0}],[{'sex': 0.0}],27133,9044,9045,0.8351575456053068,0.622818112825702,-0.0851584578090571,0.118254057921892,0.6072677164787743,0.1024691000347957,0.0431000953540205,0.2599000581540167,6,0,0,preprocessing,2,,0.6.1,1.5.2,
adult,lr,reweighing,789,789,789,sex,[{'sex': 1.0}],[{'sex': 0.0}],27133,9044,9045,0.8379215035931454,0.6314731020613373,-0.0953010927398426,0.1368144214715223,0.572440505312653,0.1024323999881744,0.0426999758929014,0.3106499789282679,6,0,0,preprocessing,2,,0.6.1,1.5.2,
adult,lr,reweighing,1024,1024,1024,sex,[{'sex': 1.0}],[{'sex': 0.0}],27133,9044,9045,0.8375898286346047,0.624392738430069,-0.0813041283697659,0.1762669629294869,0.614562882122833,0.1421965999761596,0.0668499851599335,0.2546500763855874,6,0,0,preprocessing,2,,0.6.1,1.5.2,
adult,lr,reweighing,2048,2048,2048,sex,[{'sex': 1.0}],[{'sex': 0.0}],27133,9044,9045,0.8423438363736871,0.6378872524123921,-0.0832058828675702,0.1790318733601977,0.6121716635195541,0.13957230001688,0.0510000390931963,0.1216499949805438,6,0,0,preprocessing,2,,0.6.1,1.5.2,
adult,lr,reweighing,4096,4096,4096,sex,[{'sex': 1.0}],[{'sex': 0.0}],27133,9044,9045,0.8424543946932007,0.6398786959818044,-0.0797652496715896,0.1632364202412785,0.6299037883778676,0.0793139999732375,0.0433999812230467,0.2495499211363494,6,0,0,preprocessing,2,,0.6.1,1.5.2,
adult,lr,reweighing,8192,8192,8192,sex,[{'sex': 1.0}],[{'sex': 0.0}],27133,9044,9045,0.8448866777224986,0.6438182279766438,-0.0979863848019234,0.1481157182490364,0.5535038316413848,0.1025428998982533,0.0434999819844961,0.1526500564068555,6,0,0,preprocessing,2,,0.6.1,1.5.2,
adult,lr,reweighing,16384,16384,16384,sex,[{'sex': 1.0}],[{'sex': 0.0}],27133,9044,9045,0.8428966279712549,0.6381461675579323,-0.0844285268969984,0.1594954744598853,0.6049650687869176,0.0896216999972239,0.0430999789386987,0.1570499734953045,6,0,0,preprocessing,2,,0.6.1,1.5.2,
adult,lr,reweighing,32768,32768,32768,sex,[{'sex': 1.0}],[{'sex': 0.0}],27133,9044,9045,0.8466556108347153,0.6500126167045168,-0.0968766936665133,0.1341154169648125,0.5631247477638622,0.0972204999998211,0.0482999603264033,0.1425500377081334,6,0,0,preprocessing,2,,0.6.1,1.5.2,
adult,lr,dir,42,42,42,sex,[{'sex': 1.0}],[{'sex': 0.0}],27133,9044,9045,0.8519624101713654,0.6712496931009084,-0.1683184239599668,-0.0480140348234348,0.3453807027391352,0.1131474999710917,0.2105501416068624,41.74503175928924,18,1,1,preprocessing,3,repair_level=1.0,0.6.1,1.5.2,
adult,lr,dir,123,123,123,sex,[{'sex': 1.0}],[{'sex': 0.0}],27133,9044,9045,0.8456605859590934,0.6575073601570167,-0.1793942715775412,-0.0971892692602217,0.3128096472694687,0.0917728999629616,0.192391845040605,38.46371731754012,18,1,1,preprocessing,3,repair_level=1.0,0.6.1,1.5.2,
adult,lr,dir,256,256,256,sex,[{'sex': 1.0}],[{'sex': 0.0}],27133,9044,9045,0.8462133775566612,0.658482690891235,-0.1783989264404168,-0.0941952572841737,0.3149032422357324,0.0944544000085443,0.1688527448631615,31.33779970438693,18,1,1,preprocessing,3,repair_level=1.0,0.6.1,1.5.2,
adult,lr,dir,789,789,789,sex,[{'sex': 1.0}],[{'sex': 0.0}],27133,9044,9045,0.8451077943615257,0.6600339723368115,-0.1797077200377542,-0.0619358766743243,0.3247413301227523,0.0908301000017672,0.1673597920579986,32.04596173948211,18,1,1,preprocessing,3,repair_level=1.0,0.6.1,1.5.2,
adult,lr,dir,1024,1024,1024,sex,[{'sex': 1.0}],[{'sex': 0.0}],27133,9044,9045,0.845992260917634,0.6530510585305106,-0.1724282487219382,-0.0679176238717532,0.3158889625106205,0.099065399961546,0.2611815885994576,50.27557761085014,18,1,1,preprocessing,3,repair_level=1.0,0.6.1,1.5.2,
adult,lr,dir,2048,2048,2048,sex,[{'sex': 1.0}],[{'sex': 0.0}],27133,9044,9045,0.8497512437810946,0.6673194614443084,-0.1712917542604193,-0.0388813567832887,0.3397048917208836,0.1481786000076681,0.2722123993956002,49.8648201721411,18,1,1,preprocessing,3,repair_level=1.0,0.6.1,1.5.2,
adult,lr,dir,4096,4096,4096,sex,[{'sex': 1.0}],[{'sex': 0.0}],27133,9044,9045,0.8493090105030403,0.6628741033885729,-0.1775179273015782,-0.0866349062880528,0.3087216427911756,0.0798030999721959,0.1685963812774361,32.245877866050435,18,1,1,preprocessing,3,repair_level=1.0,0.6.1,1.5.2,
adult,lr,dir,8192,8192,8192,sex,[{'sex': 1.0}],[{'sex': 0.0}],27133,9044,9045,0.8477611940298507,0.6609209554296971,-0.1870181739924819,-0.1158280922431865,0.2858455469680459,0.0927184000611305,0.1939185480562265,37.27867219812705,18,1,1,preprocessing,3,repair_level=1.0,0.6.1,1.5.2,
adult,lr,dir,16384,16384,16384,sex,[{'sex': 1.0}],[{'sex': 0.0}],27133,9044,9045,0.8487562189054726,0.6598707110890104,-0.1700464862176851,-0.0587127631529393,0.3253386323293142,0.1231052000075578,0.2221974913635063,38.11833312894044,18,1,1,preprocessing,3,repair_level=1.0,0.6.1,1.5.2,
adult,lr,dir,32768,32768,32768,sex,[{'sex': 1.0}],[{'sex': 0.0}],27133,9044,9045,0.8489773355444997,0.666177908113392,-0.1830226952287962,-0.095171292634856,0.3067390961122645,0.1007831000024452,0.1735659574179207,33.39388841229444,18,1,1,preprocessing,3,repair_level=1.0,0.6.1,1.5.2,
adult,lr,eqodds,42,42,42,sex,[{'sex': 1.0}],[{'sex': 0.0}],27133,9044,9045,0.8259812050856827,0.6261282660332541,-0.086926195676317,-0.0082602091414655,0.6463881740175939,0.1122317999834194,0.117399962618947,0.5947999889031053,22,0,0,postprocessing,3,fit_on=validation,0.6.1,1.5.2,
adult,lr,eqodds,123,123,123,sex,[{'sex': 1.0}],[{'sex': 0.0}],27133,9044,9045,0.8202321724709785,0.6236111111111111,-0.1039332125753404,-0.0762311854278864,0.6055834704878628,0.1185712998267263,0.1306000049225986,0.5877999938093126,22,0,0,postprocessing,3,fit_on=validation,0.6.1,1.5.2,
adult,lr,eqodds,256,256,256,sex,[{'sex': 1.0}],[{'sex': 0.0}],27133,9044,9045,0.8177998894416805,0.6001940805434255,-0.0866268454312922,0.0025295321307071,0.6329330199837123,0.1085967000108212,0.1355500426143407,0.3581499913707375,22,0,0,postprocessing,3,fit_on=validation,0.6.1,1.5.2,
adult,lr,eqodds,789,789,789,sex,[{'sex': 1.0}],[{'sex': 0.0}],27133,9044,9045,0.81934770591487,0.607022607022607,-0.0980669619527621,0.0175717746896144,0.5975827488685714,0.1075381998671218,0.1301000593230128,0.3932500258088112,22,0,0,postprocessing,3,fit_on=validation,0.6.1,1.5.2,
adult,lr,eqodds,1024,1024,1024,sex,[{'sex': 1.0}],[{'sex': 0.0}],27133,9044,9045,0.8181315644002212,0.5917101017622238,-0.0885327792418994,0.0155600748189156,0.6088414254334025,0.1393962999572977,0.1296999398618936,0.478349975310266,22,0,0,postprocessing,3,fit_on=validation,0.6.1,1.5.2,
adult,lr,eqodds,2048,2048,2048,sex,[{'sex': 1.0}],[{'sex': 0.0}],27133,9044,9045,0.8190160309563295,0.5805790417627466,-0.0855382180324085,0.0781455956012503,0.5954327193602739,0.1129196999827399,0.1154000638052821,0.65179995726794,22,0,0,postprocessing,3,fit_on=validation,0.6.1,1.5.2,
adult,lr,eqodds,4096,4096,4096,sex,[{'sex': 1.0}],[{'sex': 0.0}],27133,9044,9045,0.8266445550027639,0.6223506743737958,-0.1001084726706934,-0.0333327056578666,0.5892054206134045,0.0990581000223755,0.116499955765903,0.6621499778702855,22,0,0,postprocessing,3,fit_on=validation,0.6.1,1.5.2,
adult,lr,eqodds,8192,8192,8192,sex,[{'sex': 1.0}],[{'sex': 0.0}],27133,9044,9045,0.8214483139856275,0.6052309948667808,-0.0891102488229104,-0.0120670608468597,0.6181704004823217,0.1196575999492779,0.1270999200642109,0.4527000128291547,22,0,0,postprocessing,3,fit_on=validation,0.6.1,1.5.2,
adult,lr,eqodds,16384,16384,16384,sex,[{'sex': 1.0}],[{'sex': 0.0}],27133,9044,9045,0.824433388612493,0.613625304136253,-0.0967581683554248,-0.0065309632307711,0.5933892801251041,0.1296051001409068,0.1143000554293394,0.6933999829925597,22,0,0,postprocessing,3,fit_on=validation,0.6.1,1.5.2,
adult,lr,eqodds,32768,32768,32768,sex,[{'sex': 1.0}],[{'sex': 0.0}],27133,9044,9045,0.8170259812050856,0.5960458872345619,-0.0840445873608441,0.0038790343840621,0.6383535937806099,0.1035297998460009,0.1174500212073326,0.5305000813677907,22,0,0,postprocessing,3,fit_on=validation,0.6.1,1.5.2,
adult,rf,baseline,42,42,42,sex,[{'sex': 1.0}],[{'sex': 0.0}],27133,9044,9045,0.8381426202321725,0.6563380281690141,-0.1949118371178032,-0.0888882612134221,0.3195359191301849,2.2658467000583187,2.154850051738322,8.974499942269176,0,0,0,none,1,,0.6.1,1.5.2,
adult,rf,baseline,123,123,123,sex,[{'sex': 1.0}],[{'sex': 0.0}],27133,9044,9045,0.8482034273079049,0.6747216299455105,-0.188524676947479,-0.067333885687744,0.3268235804436804,2.21938670007512,2.726450038608164,8.091999974567443,0,0,0,none,1,,0.6.1,1.5.2,
adult,rf,baseline,256,256,256,sex,[{'sex': 1.0}],[{'sex': 0.0}],27133,9044,9045,0.8398009950248756,0.6535978962467129,-0.1838133654869228,-0.0761590027492186,0.329931695723492,1.9450351999839768,2.0589500200003386,8.164099999703467,0,0,0,none,1,,0.6.1,1.5.2,
adult,rf,baseline,789,789,789,sex,[{'sex': 1.0}],[{'sex': 0.0}],27133,9044,9045,0.8441127694859039,0.6658767772511849,-0.1923931046019583,-0.057375814408918,0.3158111259757963,2.364069200004451,2.0864999969489872,8.149899949785322,0,0,0,none,1,,0.6.1,1.5.2,
adult,rf,baseline,1024,1024,1024,sex,[{'sex': 1.0}],[{'sex': 0.0}],27133,9044,9045,0.8401326699834163,0.654066985645933,-0.1934025479542709,-0.1148583336471711,0.3020591265905564,1.8822225000476465,2.787450037430972,13.222749985288829,0,0,0,none,1,,0.6.1,1.5.2,
adult,rf,baseline,2048,2048,2048,sex,[{'sex': 1.0}],[{'sex': 0.0}],27133,9044,9045,0.8375898286346047,0.648984468339307,-0.187165062906459,-0.0503332956728053,0.320956699877101,2.1484864000231028,2.107699983753264,11.11565000610426,0,0,0,none,1,,0.6.1,1.5.2,
adult,rf,baseline,4096,4096,4096,sex,[{'sex': 1.0}],[{'sex': 0.0}],27133,9044,9045,0.841901603095633,0.660171102661597,-0.1894197743015058,-0.0736169171091779,0.3208472449295391,1.8996199000393967,2.0734500722028315,8.444149978458881,0,0,0,none,1,,0.6.1,1.5.2,
adult,rf,baseline,8192,8192,8192,sex,[{'sex': 1.0}],[{'sex': 0.0}],27133,9044,9045,0.8449972360420122,0.6634661545847336,-0.1850614197381922,-0.0629119120250065,0.3217376777182462,1.8698901000898327,2.0825499668717384,8.14010004978627,0,0,0,none,1,,0.6.1,1.5.2,
adult,rf,baseline,16384,16384,16384,sex,[{'sex': 1.0}],[{'sex': 0.0}],27133,9044,9045,0.84212271973466,0.6585365853658537,-0.1821375167771547,-0.0638094879423543,0.3344514198436226,2.068138499977067,2.103300008457154,8.334350015502423,0,0,0,none,1,,0.6.1,1.5.2,
adult,rf,baseline,32768,32768,32768,sex,[{'sex': 1.0}],[{'sex': 0.0}],27133,9044,9045,0.8414593698175787,0.6609929078014184,-0.185462410870582,-0.0642614142783615,0.3377581983767403,1.992427200078964,2.1098500001244247,8.468700048979372,0,0,0,none,1,,0.6.1,1.5.2,
adult,rf,reweighing,42,42,42,sex,[{'sex': 1.0}],[{'sex': 0.0}],27133,9044,9045,0.8367053620784964,0.650414201183432,-0.1861556195541464,-0.0657552818890521,0.3345045591348839,2.34657229995355,2.200749993789941,12.356249964796008,6,0,0,preprocessing,2,,0.6.1,1.5.2,
adult,rf,reweighing,123,123,123,sex,[{'sex': 1.0}],[{'sex': 0.0}],27133,9044,9045,0.8487562189054726,0.6731963688485427,-0.1812805347558897,-0.0594722504676182,0.3379790997491253,2.3718514000065625,2.099899982567877,8.386699948459864,6,0,0,preprocessing,2,,0.6.1,1.5.2,
adult,rf,reweighing,256,256,256,sex,[{'sex': 1.0}],[{'sex': 0.0}],27133,9044,9045,0.8391376451077943,0.6503244412400865,-0.1797063269334866,-0.0723395975344908,0.3357827891913624,2.147566800005734,2.188399957958609,9.259499958716331,6,0,0,preprocessing,2,,0.6.1,1.5.2,
adult,rf,reweighing,789,789,789,sex,[{'sex': 1.0}],[{'sex': 0.0}],27133,9044,9045,0.8398009950248756,0.6555740432612313,-0.1862318502196702,-0.0437489800273667,0.3295214166030032,2.661821199930273,2.400100056547672,8.71039996854961,6,0,0,preprocessing,2,,0.6.1,1.5.2,
adult,rf,reweighing,1024,1024,1024,sex,[{'sex': 1.0}],[{'sex': 0.0}],27133,9044,9045,0.8391376451077943,0.6494820525174657,-0.1826048196726828,-0.0802734154332843,0.3246607941118099,2.2700912000145763,2.083500032313168,8.323449990712106,6,0,0,preprocessing,2,,0.6.1,1.5.2,
adult,rf,reweighing,2048,2048,2048,sex,[{'sex': 1.0}],[{'sex': 0.0}],27133,9044,9045,0.8384742951907131,0.6463326071169209,-0.173785076554423,-0.0171700623909413,0.3449804460238848,2.170838200021535,2.076249977108091,8.531499945092946,6,0,0,preprocessing,2,,0.6.1,1.5.2,
adult,rf,reweighing,4096,4096,4096,sex,[{'sex': 1.0}],[{'sex': 0.0}],27133,9044,9045,0.8416804864566059,0.6583969465648855,-0.1837752501541609,-0.0688999359771024,0.3324618218671584,2.029656699975021,2.0760499755851924,8.826400036923587,6,0,0,preprocessing,2,,0.6.1,1.5.2,
adult,rf,reweighing,8192,8192,8192,sex,[{'sex': 1.0}],[{'sex': 0.0}],27133,9044,9045,0.8436705362078496,0.6597690086621751,-0.1778794099969385,-0.050110470882135,0.3397375821025492,2.7051493999315426,3.391850041225553,11.33504998870194,6,0,0,preprocessing,2,,0.6.1,1.5.2,
adult,rf,reweighing,16384,16384,16384,sex,[{'sex': 1.0}],[{'sex': 0.0}],27133,9044,9045,0.8414593698175787,0.6567735758736237,-0.1789622978062397,-0.0576708218782561,0.3425127614892301,2.39610860007815,3.407049924135208,15.193849976640196,6,0,0,preprocessing,2,,0.6.1,1.5.2,
adult,rf,reweighing,32768,32768,32768,sex,[{'sex': 1.0}],[{'sex': 0.0}],27133,9044,9045,0.8401326699834163,0.6553860819828408,-0.1783820420166934,-0.0522069069408352,0.3489535274632815,2.211352000012994,2.0829500281251967,8.598849992267787,6,0,0,preprocessing,2,,0.6.1,1.5.2,
adult,rf,dir,42,42,42,sex,[{'sex': 1.0}],[{'sex': 0.0}],27133,9044,9045,0.839690436705362,0.6596244131455399,-0.1873514602574656,-0.0608939353996409,0.340272193580112,1.9434490000130609,2.185024767183529,40.75783520164849,18,1,1,preprocessing,3,repair_level=1.0,0.6.1,1.5.2,
adult,rf,dir,123,123,123,sex,[{'sex': 1.0}],[{'sex': 0.0}],27133,9044,9045,0.8500829187396352,0.6785206258890469,-0.184001155942197,-0.0639664068090234,0.3387221552777778,2.064290600013919,2.194282371407523,39.92613934363862,18,1,1,preprocessing,3,repair_level=1.0,0.6.1,1.5.2,
adult,rf,dir,256,256,256,sex,[{'sex': 1.0}],[{'sex': 0.0}],27133,9044,9045,0.839690436705362,0.6536072623029144,-0.1782563840117547,-0.0661287487917247,0.3466785829677226,2.0291006000479683,2.1583189504400213,41.90089971714085,18,1,1,preprocessing,3,repair_level=1.0,0.6.1,1.5.2,
adult,rf,dir,789,789,789,sex,[{'sex': 1.0}],[{'sex': 0.0}],27133,9044,9045,0.8420121614151465,0.6614546316038853,-0.1844924759552989,-0.0456225912953965,0.3381251127009075,2.2080642000073567,2.150560187857114,40.269508557635305,18,1,1,preprocessing,3,repair_level=1.0,0.6.1,1.5.2,
adult,rf,dir,1024,1024,1024,sex,[{'sex': 1.0}],[{'sex': 0.0}],27133,9044,9045,0.8410171365395246,0.6563097514340345,-0.1880093398168034,-0.0898580198094377,0.3182986764124693,1.9440173000330103,2.172909509876313,43.07423472964556,18,1,1,preprocessing,3,repair_level=1.0,0.6.1,1.5.2,
adult,rf,dir,2048,2048,2048,sex,[{'sex': 1.0}],[{'sex': 0.0}],27133,9044,9045,0.8369264787175235,0.6477191306424648,-0.1764040568533653,-0.0211401097176716,0.352301159863711,1.9022691999562085,2.1324729795598087,40.25973849793482,18,1,1,preprocessing,3,repair_level=1.0,0.6.1,1.5.2,
adult,rf,dir,4096,4096,4096,sex,[{'sex': 1.0}],[{'sex': 0.0}],27133,9044,9045,0.8410171365395246,0.6587565258661604,-0.1772977611031245,-0.0343934771965502,0.3567557164018545,1.913494100095704,2.1513550101305854,39.35772369446529,18,1,1,preprocessing,3,repair_level=1.0,0.6.1,1.5.2,
adult,rf,dir,8192,8192,8192,sex,[{'sex': 1.0}],[{'sex': 0.0}],27133,9044,9045,0.8455500276395799,0.6657094998803541,-0.1786220460199178,-0.0430020462220214,0.3437628080640083,2.335864400025457,2.464717506337606,40.5356329635868,18,1,1,preprocessing,3,repair_level=1.0,0.6.1,1.5.2,
adult,rf,dir,16384,16384,16384,sex,[{'sex': 1.0}],[{'sex': 0.0}],27133,9044,9045,0.8405749032614704,0.6574821852731592,-0.1796668184964571,-0.0534057670821878,0.3489343657333133,1.927465099957772,2.1470314891104225,40.0935521996883,18,1,1,preprocessing,3,repair_level=1.0,0.6.1,1.5.2,
adult,rf,dir,32768,32768,32768,sex,[{'sex': 1.0}],[{'sex': 0.0}],27133,9044,9045,0.8416804864566059,0.6613055818353831,-0.1816066883270233,-0.0501889303154696,0.3480949800559645,1.9665588000789285,2.1307479944345578,39.67190632624271,18,1,1,preprocessing,3,repair_level=1.0,0.6.1,1.5.2,
adult,rf,eqodds,42,42,42,sex,[{'sex': 1.0}],[{'sex': 0.0}],27133,9044,9045,0.8126036484245439,0.6247509408899712,-0.1074671280330805,-0.0499661055247995,0.6248174478159007,2.109831599984318,2.123699989169836,8.391449984628707,22,0,0,postprocessing,3,fit_on=validation,0.6.1,1.5.2,
adult,rf,eqodds,123,123,123,sex,[{'sex': 1.0}],[{'sex': 0.0}],27133,9044,9045,0.8187949143173023,0.6270762229806598,-0.0925270320738295,-0.0115617820961849,0.6548747355877804,2.02254129992798,2.129050029907376,8.404950029216707,22,0,0,postprocessing,3,fit_on=validation,0.6.1,1.5.2,
adult,rf,eqodds,256,256,256,sex,[{'sex': 1.0}],[{'sex': 0.0}],27133,9044,9045,0.810171365395246,0.5974208675263775,-0.0767807745369962,0.0359093134485745,0.6911571743590916,1.8951013000914827,2.233750012237578,10.22065000142902,22,0,0,postprocessing,3,fit_on=validation,0.6.1,1.5.2,
adult,rf,eqodds,789,789,789,sex,[{'sex': 1.0}],[{'sex': 0.0}],27133,9044,9045,0.8160309563294638,0.6160590678357176,-0.0951374865746541,0.0180111475162881,0.6371583428951665,2.1999766000080854,2.162250049877912,8.752499998081475,22,0,0,postprocessing,3,fit_on=validation,0.6.1,1.5.2,
adult,rf,eqodds,1024,1024,1024,sex,[{'sex': 1.0}],[{'sex': 0.0}],27133,9044,9045,0.8117191818684356,0.6066066066066066,-0.0917984942660385,-0.0091577850588132,0.6476922652492575,2.62926539988257,3.41435003792867,10.94469998497516,22,0,0,postprocessing,3,fit_on=validation,0.6.1,1.5.2,
adult,rf,eqodds,2048,2048,2048,sex,[{'sex': 1.0}],[{'sex': 0.0}],27133,9044,9045,0.8100608070757325,0.5913415794481446,-0.0889677063942482,0.0486385719127782,0.6380834009038774,2.729431299958378,3.6640000762417912,11.503649991936982,22,0,0,postprocessing,3,fit_on=validation,0.6.1,1.5.2,
adult,rf,eqodds,4096,4096,4096,sex,[{'sex': 1.0}],[{'sex': 0.0}],27133,9044,9045,0.8172470978441128,0.6244035446489434,-0.1000619987123258,0.004607137925407,0.6310515917044314,2.7602249999763444,2.936550008598715,10.512999957427382,22,0,0,postprocessing,3,fit_on=validation,0.6.1,1.5.2,
adult,rf,eqodds,8192,8192,8192,sex,[{'sex': 1.0}],[{'sex': 0.0}],27133,9044,9045,0.8117191818684356,0.5899349867565615,-0.074062939559224,0.0545544131862062,0.6852969318381198,2.358026499976404,2.6788500254042447,18.631550017744303,22,0,0,postprocessing,3,fit_on=validation,0.6.1,1.5.2,
adult,rf,eqodds,16384,16384,16384,sex,[{'sex': 1.0}],[{'sex': 0.0}],27133,9044,9045,0.8175787728026535,0.6244879380974055,-0.0943793592322189,-0.0189714909803035,0.6486095320293115,2.647795099997893,2.315449994057417,9.317750053014606,22,0,0,postprocessing,3,fit_on=validation,0.6.1,1.5.2,
adult,rf,eqodds,32768,32768,32768,sex,[{'sex': 1.0}],[{'sex': 0.0}],27133,9044,9045,0.8108347153123272,0.590963423380349,-0.0719197879539277,0.0734160609598413,0.6977685992796404,2.194129600073211,2.2008499945513904,10.950549971312284,22,0,0,postprocessing,3,fit_on=validation,0.6.1,1.5.2,
compas,lr,baseline,42,42,42,race,[{'race': 1.0}],[{'race': 0.0}],3700,1233,1234,0.660453808752026,0.5975024015369836,-0.1517082017082017,-0.0946514423076922,0.7868981782025259,0.0479571999749168,0.0454999972134828,0.3490999806672334,0,0,0,none,1,,0.6.1,1.5.2,
compas,lr,baseline,123,123,123,race,[{'race': 1.0}],[{'race': 0.0}],3700,1233,1234,0.6661264181523501,0.5952848722986247,-0.1559377559377559,-0.0396634615384615,0.7873576055394237,0.0242393999360501,0.0456999987363815,0.3206999972462654,0,0,0,none,1,,0.6.1,1.5.2,
compas,lr,baseline,256,256,256,race,[{'race': 1.0}],[{'race': 0.0}],3700,1233,1234,0.6653160453808752,0.6085308056872037,-0.1616883116883117,-0.1042668269230768,0.7713498622589531,0.0243829999817535,0.0456999987363815,0.2075500087812543,0,0,0,none,1,,0.6.1,1.5.2,
compas,lr,baseline,789,789,789,race,[{'race': 1.0}],[{'race': 0.0}],3700,1233,1234,0.6726094003241491,0.61003861003861,-0.1708318708318708,-0.0643028846153845,0.765524883171942,0.0822574000339955,0.0543000060133636,0.1716500264592468,0,0,0,none,1,,0.6.1,1.5.2,
compas,lr,baseline,1024,1024,1024,race,[{'race': 1.0}],[{'race': 0.0}],3700,1233,1234,0.6580226904376013,0.5910852713178295,-0.1659178659178658,-0.09375,0.7722695957990077,0.0201143000740557,0.0507000368088483,0.2888499875552952,0,0,0,none,1,,0.6.1,1.5.2,
compas,lr,baseline,2048,2048,2048,race,[{'race': 1.0}],[{'race': 0.0}],3700,1233,1234,0.6612641815235009,0.6026615969581749,-0.194097344097344,-0.1256009615384615,0.7344596595410928,0.0242392000509426,0.0466000055894255,0.321950064972043,0,0,0,none,1,,0.6.1,1.5.2,
compas,lr,baseline,4096,4096,4096,race,[{'race': 1.0}],[{'race': 0.0}],3700,1233,1234,0.6750405186385737,0.6227657572906867,-0.1751257751257752,-0.1310096153846154,0.7531784377421961,0.0308269000379368,0.0451999949291348,0.3417499829083681,0,0,0,none,1,,0.6.1,1.5.2,
compas,lr,baseline,8192,8192,8192,race,[{'race': 1.0}],[{'race': 0.0}],3700,1233,1234,0.6612641815235009,0.6108007448789572,-0.1814203814203814,-0.1457331730769231,0.7425791885251345,0.0542259999783709,0.0513000413775444,0.3595499438233673,0,0,0,none,1,,0.6.1,1.5.2,
compas,lr,baseline,16384,16384,16384,race,[{'race': 1.0}],[{'race': 0.0}],3700,1233,1234,0.6701782820097245,0.6134852801519468,-0.1989352989352989,-0.1388221153846154,0.728724592360956,0.0984218000667169,0.0524999340996146,0.216800021007657,0,0,0,none,1,,0.6.1,1.5.2,
compas,lr,baseline,32768,32768,32768,race,[{'race': 1.0}],[{'race': 0.0}],3700,1233,1234,0.6782820097244733,0.6272300469483568,-0.0909558909558909,-0.0024038461538461,0.8605785613084883,0.0224873999832198,0.0454999972134828,0.3486499772407114,0,0,0,none,1,,0.6.1,1.5.2,
compas,lr,reweighing,42,42,42,race,[{'race': 1.0}],[{'race': 0.0}],3700,1233,1234,0.6507293354943274,0.5786901270772239,-0.014092664092664,0.0324519230769231,0.9778317643486184,0.0221449000528082,0.0465000048279762,0.3719999804161489,6,0,0,preprocessing,2,,0.6.1,1.5.2,
compas,lr,reweighing,123,123,123,race,[{'race': 1.0}],[{'race': 0.0}],3700,1233,1234,0.6620745542949756,0.5817452357071213,0.0178483678483678,0.0994591346153845,1.0280760842558596,0.0261870000977069,0.0460000010207295,0.4278999986127019,6,0,0,preprocessing,2,,0.6.1,1.5.2,
compas,lr,reweighing,256,256,256,race,[{'race': 1.0}],[{'race': 0.0}],3700,1233,1234,0.653160453808752,0.5923809523809523,-0.0003393003393002,0.0477764423076922,0.9994389521948578,0.0231772999977692,0.0460000010207295,0.3369499463587999,6,0,0,preprocessing,2,,0.6.1,1.5.2,
compas,lr,reweighing,789,789,789,race,[{'race': 1.0}],[{'race': 0.0}],3700,1233,1234,0.6685575364667747,0.6055930568948891,-0.0204633204633204,0.0546875,0.9674447174447176,0.0235051000490784,0.0462000025436282,0.3924999618902802,6,0,0,preprocessing,2,,0.6.1,1.5.2,
compas,lr,reweighing,1024,1024,1024,race,[{'race': 1.0}],[{'race': 0.0}],3700,1233,1234,0.653160453808752,0.586073500967118,-0.0239967239967239,0.0417668269230768,0.9621104357946464,0.0356287000468,0.0465000048279762,0.3060000599361956,6,0,0,preprocessing,2,,0.6.1,1.5.2,
compas,lr,reweighing,2048,2048,2048,race,[{'race': 1.0}],[{'race': 0.0}],3700,1233,1234,0.660453808752026,0.5967276227141483,-0.0842810342810342,-0.0291466346153845,0.8740283473379559,0.0819932000013068,0.0459000002592802,0.3093000268563628,6,0,0,preprocessing,2,,0.6.1,1.5.2,
compas,lr,reweighing,4096,4096,4096,race,[{'race': 1.0}],[{'race': 0.0}],3700,1233,1234,0.6620745542949756,0.6091846298031866,-0.0248332748332748,0.0027043269230768,0.9590981355687238,0.0251020999858155,0.0465000048279762,0.3629499697126448,6,0,0,preprocessing,2,,0.6.1,1.5.2,
compas,lr,reweighing,8192,8192,8192,race,[{'race': 1.0}],[{'race': 0.0}],3700,1233,1234,0.6564019448946515,0.6066790352504638,-0.0383467883467882,-0.0441706730769231,0.9368405838994076,0.0251960000023245,0.0462000025436282,0.293100019916892,6,0,0,preprocessing,2,,0.6.1,1.5.2,
compas,lr,reweighing,16384,16384,16384,race,[{'race': 1.0}],[{'race': 0.0}],3700,1233,1234,0.6645056726094003,0.603448275862069,-0.0579384579384579,-0.0102163461538461,0.9105362046538517,0.026191100012511,0.0451999949291348,0.395399983972311,6,0,0,preprocessing,2,,0.6.1,1.5.2,
compas,lr,reweighing,32768,32768,32768,race,[{'race': 1.0}],[{'race': 0.0}],3700,1233,1234,0.6717990275526742,0.6161137440758294,0.0548789048789049,0.1262019230769231,1.0972537554816035,0.0234119000378996,0.0459000002592802,0.2755499444901943,6,0,0,preprocessing,2,,0.6.1,1.5.2,
compas,lr,dir,42,42,42,race,[{'race': 1.0}],[{'race': 0.0}],3700,1233,1234,0.6645056726094003,0.6003861003861004,-0.1275184275184274,-0.0637019230769231,0.8178308178308179,0.0453973999246954,0.8397478509586511,203.56524992476784,18,1,1,preprocessing,3,repair_level=1.0,0.6.1,1.5.2,
compas,lr,dir,123,123,123,race,[{'race': 1.0}],[{'race': 0.0}],3700,1233,1234,0.6685575364667747,0.5986261040235525,-0.1138528138528138,0.0132211538461538,0.8384520884520884,0.031316400039941,0.7590426496638265,182.7659174528164,18,1,1,preprocessing,3,repair_level=1.0,0.6.1,1.5.2,
compas,lr,dir,256,256,256,race,[{'race': 1.0}],[{'race': 0.0}],3700,1233,1234,0.6742301458670988,0.6193181818181818,-0.1123844623844624,-0.0543870192307692,0.8332103385106918,0.0327444999711588,0.771367911627546,185.9776848875398,18,1,1,preprocessing,3,repair_level=1.0,0.6.1,1.5.2,
compas,lr,dir,789,789,789,race,[{'race': 1.0}],[{'race': 0.0}],3700,1233,1234,0.6758508914100486,0.6153846153846154,-0.1252135252135251,-0.0201322115384615,0.8198983541449296,0.0441581000341102,0.9002802878587584,217.957760558517,18,1,1,preprocessing,3,repair_level=1.0,0.6.1,1.5.2,
compas,lr,dir,1024,1024,1024,race,[{'race': 1.0}],[{'race': 0.0}],3700,1233,1234,0.660453808752026,0.5975024015369836,-0.1264420264420264,-0.0441706730769231,0.818131331829962,0.0274480999214574,0.9186418538797452,222.54775577515383,18,1,1,preprocessing,3,repair_level=1.0,0.6.1,1.5.2,
compas,lr,dir,2048,2048,2048,race,[{'race': 1.0}],[{'race': 0.0}],3700,1233,1234,0.666936790923825,0.6140845070422535,-0.1811922311922312,-0.1328125,0.7454824846129193,0.0274051999440416,0.7575983987460905,182.37503905682945,18,1,1,preprocessing,3,repair_level=1.0,0.6.1,1.5.2,
compas,lr,dir,4096,4096,4096,race,[{'race': 1.0}],[{'race': 0.0}],3700,1233,1234,0.6693679092382496,0.6150943396226415,-0.1317362817362817,-0.0979567307692307,0.8072151974591,0.0325736999511718,0.7804199489241594,188.1984559331241,18,1,1,preprocessing,3,repair_level=1.0,0.6.1,1.5.2,
compas,lr,dir,8192,8192,8192,race,[{'race': 1.0}],[{'race': 0.0}],3700,1233,1234,0.6661264181523501,0.6149532710280374,-0.1331929331929332,-0.1021634615384615,0.8030245354189015,0.0305545999435707,0.7699897668492192,185.7439306725859,18,1,1,preprocessing,3,repair_level=1.0,0.6.1,1.5.2,
compas,lr,dir,16384,16384,16384,race,[{'race': 1.0}],[{'race': 0.0}],3700,1233,1234,0.6726094003241491,0.6137667304015296,-0.1217561717561717,-0.0510817307692307,0.8230533144027955,0.0330811999738216,0.7815817942421805,188.51388823876775,18,1,1,preprocessing,3,repair_level=1.0,0.6.1,1.5.2,
compas,lr,dir,32768,32768,32768,race,[{'race': 1.0}],[{'race': 0.0}],3700,1233,1234,0.673419773095624,0.6180094786729858,-0.0714519714519714,0.0087139423076922,0.8896697499638676,0.029825699981302,0.7771976346575002,186.39493562186252,18,1,1,preprocessing,3,repair_level=1.0,0.6.1,1.5.2,
compas,lr,eqodds,42,42,42,race,[{'race': 1.0}],[{'race': 0.0}],3700,1233,1234,0.6345218800648298,0.5155746509129968,0.0159120159120159,0.0369591346153845,1.02304498856223,0.0450292999157682,0.1338000292889773,0.7211000192910433,22,0,0,postprocessing,3,fit_on=validation,0.6.1,1.5.2,
compas,lr,eqodds,123,123,123,race,[{'race': 1.0}],[{'race': 0.0}],3700,1233,1234,0.6239870340356564,0.5,-0.0453726453726452,0.0060096153846154,0.9381282108554836,0.0314216999104246,0.1251000212505459,0.6036499980837107,22,0,0,postprocessing,3,fit_on=validation,0.6.1,1.5.2,
compas,lr,eqodds,256,256,256,race,[{'race': 1.0}],[{'race': 0.0}],3700,1233,1234,0.6434359805510534,0.5348837209302325,-0.0133438633438632,0.0132211538461538,0.9808722778006056,0.0361823999555781,0.1311000669375062,0.6501500029116869,22,0,0,postprocessing,3,fit_on=validation,0.6.1,1.5.2,
compas,lr,eqodds,789,789,789,race,[{'race': 1.0}],[{'race': 0.0}],3700,1233,1234,0.6288492706645057,0.5075268817204301,-0.0406107406107405,-0.0018028846153845,0.9442597677891796,0.0295433000428602,0.1247000182047486,0.6271999445743859,22,0,0,postprocessing,3,fit_on=validation,0.6.1,1.5.2,
compas,lr,eqodds,1024,1024,1024,race,[{'race': 1.0}],[{'race': 0.0}],3700,1233,1234,0.6458670988654781,0.5433646812957158,-0.0485140985140984,0.0099158653846154,0.9318531057661492,0.0272935000248253,0.1202999847009778,0.6073499680496752,22,0,0,postprocessing,3,fit_on=validation,0.6.1,1.5.2,
compas,lr,eqodds,2048,2048,2048,race,[{'race': 1.0}],[{'race': 0.0}],3700,1233,1234,0.6337115072933549,0.5262054507337526,-0.0628758628758628,-0.0360576923076922,0.9131320315530842,0.0278219999745488,0.1198999816551804,0.6563500501215458,22,0,0,postprocessing,3,fit_on=validation,0.6.1,1.5.2,
compas,lr,eqodds,4096,4096,4096,race,[{'race': 1.0}],[{'race': 0.0}],3700,1233,1234,0.6077795786061588,0.4423963133640553,0.0644319644319644,0.0036057692307692,1.0908101512128356,0.027575800078921,0.1224000006914138,0.6906999624334276,22,0,0,postprocessing,3,fit_on=validation,0.6.1,1.5.2,
compas,lr,eqodds,8192,8192,8192,race,[{'race': 1.0}],[{'race': 0.0}],3700,1233,1234,0.6223662884927067,0.5031982942430704,-0.0143442143442144,-0.0399639423076922,0.979646722889966,0.0295234000077471,0.1184500288218259,0.6455000257119536,22,0,0,postprocessing,3,fit_on=validation,0.6.1,1.5.2,
compas,lr,eqodds,16384,16384,16384,race,[{'race': 1.0}],[{'race': 0.0}],3700,1233,1234,0.6450567260940032,0.5280172413793104,-0.0453726453726452,-0.0258413461538461,0.9381282108554836,0.0397965998854488,0.1313999528065323,0.6168000400066376,22,0,0,postprocessing,3,fit_on=validation,0.6.1,1.5.2,
compas,lr,eqodds,32768,32768,32768,race,[{'race': 1.0}],[{'race': 0.0}],3700,1233,1234,0.6507293354943274,0.5561277033985582,0.0245232245232245,0.0697115384615384,1.0375903441596872,0.0271755999419838,0.1183999702334404,0.6341999978758395,22,0,0,postprocessing,3,fit_on=validation,0.6.1,1.5.2,
compas,rf,baseline,42,42,42,race,[{'race': 1.0}],[{'race': 0.0}],3700,1233,1234,0.6393841166936791,0.593607305936073,-0.1386392886392886,-0.1277043269230768,0.7897888042292375,0.7626360000576824,2.227400080300868,10.63660002546385,0,0,0,none,1,,0.6.1,1.5.2,
compas,rf,baseline,123,123,123,race,[{'race': 1.0}],[{'race': 0.0}],3700,1233,1234,0.6458670988654781,0.60595130748422,-0.163057213057213,-0.1159855769230768,0.7545375287310772,0.8293366999132559,2.3030000156722963,10.25119994301349,0,0,0,none,1,,0.6.1,1.5.2,
compas,rf,baseline,256,256,256,race,[{'race': 1.0}],[{'race': 0.0}],3700,1233,1234,0.6628849270664505,0.6119402985074627,-0.1717444717444717,-0.1219951923076922,0.7546507546507547,0.8093737000599504,2.2728999610990286,9.969549952074884,0,0,0,none,1,,0.6.1,1.5.2,
compas,rf,baseline,789,789,789,race,[{'race': 1.0}],[{'race': 0.0}],3700,1233,1234,0.6499189627228525,0.6036697247706422,-0.1433251433251432,-0.0997596153846154,0.7850122850122851,1.1267982999561357,2.8238999657332897,11.394550034310669,0,0,0,none,1,,0.6.1,1.5.2,
compas,rf,baseline,1024,1024,1024,race,[{'race': 1.0}],[{'race': 0.0}],3700,1233,1234,0.6434359805510534,0.5925925925925926,-0.1454779454779455,-0.0910456730769231,0.7848565595044467,0.9271484999917448,2.633949974551797,10.304550000000743,0,0,0,none,1,,0.6.1,1.5.2,
compas,rf,baseline,2048,2048,2048,race,[{'race': 1.0}],[{'race': 0.0}],3700,1233,1234,0.6280388978930308,0.5883408071748879,-0.1704282204282204,-0.1307091346153845,0.7434413886026789,1.0424608999164775,2.2880499600432813,10.170200024731455,0,0,0,none,1,,0.6.1,1.5.2,
compas,rf,baseline,4096,4096,4096,race,[{'race': 1.0}],[{'race': 0.0}],3700,1233,1234,0.6410048622366289,0.5990950226244344,-0.1978471978471978,-0.1625600961538461,0.7134626789799203,0.7927711000666022,2.242799964733422,10.027949989307672,0,0,0,none,1,,0.6.1,1.5.2,
compas,rf,baseline,8192,8192,8192,race,[{'race': 1.0}],[{'race': 0.0}],3700,1233,1234,0.6572123176661264,0.6122823098075161,-0.1445536445536445,-0.1153846153846154,0.7831695331695332,0.8053038000361994,2.241100068204105,10.420650010928512,0,0,0,none,1,,0.6.1,1.5.2,
compas,rf,baseline,16384,16384,16384,race,[{'race': 1.0}],[{'race': 0.0}],3700,1233,1234,0.6564019448946515,0.6131386861313869,-0.1759623259623259,-0.0973557692307692,0.7424941571283035,0.8037362999748439,2.36545002553612,10.292549966834486,0,0,0,none,1,,0.6.1,1.5.2,
compas,rf,baseline,32768,32768,32768,race,[{'race': 1.0}],[{'race': 0.0}],3700,1233,1234,0.6726094003241491,0.6379928315412187,-0.1066865566865566,-0.0027043269230768,0.8283204834928973,0.8140431999927387,2.273150021210313,10.631949990056455,0,0,0,none,1,,0.6.1,1.5.2,
compas,rf,reweighing,42,42,42,race,[{'race': 1.0}],[{'race': 0.0}],3700,1233,1234,0.6410048622366289,0.5886722376973074,-0.1273546273546273,-0.1225961538461538,0.808968058968059,0.8768445000750944,2.1697499905712903,7.708550023380667,6,0,0,preprocessing,2,,0.6.1,1.5.2,
compas,rf,reweighing,123,123,123,race,[{'race': 1.0}],[{'race': 0.0}],3700,1233,1234,0.6434359805510534,0.6007259528130672,-0.158067158067158,-0.1048677884615384,0.762899262899263,0.6732781999744475,2.097699965815991,7.395950029604137,6,0,0,preprocessing,2,,0.6.1,1.5.2,
compas,rf,reweighing,256,256,256,race,[{'race': 1.0}],[{'race': 0.0}],3700,1233,1234,0.6661264181523501,0.6149532710280374,-0.1548496548496548,-0.0895432692307692,0.7757349826315344,0.6667658999795094,2.1433000219985843,7.341800024732947,6,0,0,preprocessing,2,,0.6.1,1.5.2,
compas,rf,reweighing,789,789,789,race,[{'race': 1.0}],[{'race': 0.0}],3700,1233,1234,0.6491085899513777,0.6045662100456621,-0.1422487422487421,-0.1069711538461538,0.785091828257296,0.6672268999973312,2.1054999670013785,7.846299966331571,6,0,0,preprocessing,2,,0.6.1,1.5.2,
compas,rf,reweighing,1024,1024,1024,race,[{'race': 1.0}],[{'race': 0.0}],3700,1233,1234,0.6434359805510534,0.5872420262664165,-0.1066222066222065,-0.0489783653846154,0.838916090714652,0.660540800075978,2.113850030582398,7.291599991731346,6,0,0,preprocessing,2,,0.6.1,1.5.2,
compas,rf,reweighing,2048,2048,2048,race,[{'race': 1.0}],[{'race': 0.0}],3700,1233,1234,0.6320907617504052,0.5902527075812274,-0.1546098046098045,-0.1225961538461538,0.7655735814580581,0.6590012001106516,2.089099958539009,7.408300007227808,6,0,0,preprocessing,2,,0.6.1,1.5.2,
compas,rf,reweighing,4096,4096,4096,race,[{'race': 1.0}],[{'race': 0.0}],3700,1233,1234,0.646677471636953,0.604355716878403,-0.1941616941616941,-0.1568509615384615,0.7188003050072016,0.6508085000095889,2.0743999630212784,7.282149977982044,6,0,0,preprocessing,2,,0.6.1,1.5.2,
compas,rf,reweighing,8192,8192,8192,race,[{'race': 1.0}],[{'race': 0.0}],3700,1233,1234,0.6555915721231766,0.6104491292392301,-0.1228969228969228,-0.0799278846153845,0.8116178554134759,0.6703055000398308,2.074799966067076,7.17175001045689,6,0,0,preprocessing,2,,0.6.1,1.5.2,
compas,rf,reweighing,16384,16384,16384,race,[{'race': 1.0}],[{'race': 0.0}],3700,1233,1234,0.6564019448946515,0.6166365280289331,-0.1557622557622557,-0.0778245192307692,0.7646757287045056,0.6573080000234768,2.09950003772974,7.309050008188933,6,0,0,preprocessing,2,,0.6.1,1.5.2,
compas,rf,reweighing,32768,32768,32768,race,[{'race': 1.0}],[{'race': 0.0}],3700,1233,1234,0.6555915721231766,0.6188340807174888,-0.1054580554580554,-0.0015024038461538,0.83029738202152,0.6743369000032544,2.0842000376433134,7.365849975030869,6,0,0,preprocessing,2,,0.6.1,1.5.2,
compas,rf,dir,42,42,42,race,[{'race': 1.0}],[{'race': 0.0}],3700,1233,1234,0.6280388978930308,0.5876010781671159,-0.1138294138294138,-0.0967548076923077,0.8189077507259326,0.6392363000195473,2.8205784254796344,203.43201650981328,18,1,1,preprocessing,3,repair_level=1.0,0.6.1,1.5.2,
compas,rf,dir,123,123,123,race,[{'race': 1.0}],[{'race': 0.0}],3700,1233,1234,0.6450567260940032,0.6003649635036497,-0.0821165321165321,-0.0321514423076922,0.8678584540653506,0.6233703000470996,2.757143189000077,187.7209003430294,18,1,1,preprocessing,3,repair_level=1.0,0.6.1,1.5.2,
compas,rf,dir,256,256,256,race,[{'race': 1.0}],[{'race': 0.0}],3700,1233,1234,0.6450567260940032,0.6075268817204301,-0.1211243711243711,-0.0625,0.8080292985953363,0.6205508999992162,2.7679138743668674,187.15275126716335,18,1,1,preprocessing,3,repair_level=1.0,0.6.1,1.5.2,
compas,rf,dir,789,789,789,race,[{'race': 1.0}],[{'race': 0.0}],3700,1233,1234,0.6207455429497569,0.5768535262206148,-0.1088393588393588,-0.0549879807692307,0.8274998841036577,0.6289400000823662,2.7580734717557567,187.44186287652127,18,1,1,preprocessing,3,repair_level=1.0,0.6.1,1.5.2,
compas,rf,dir,1024,1024,1024,race,[{'race': 1.0}],[{'race': 0.0}],3700,1233,1234,0.6183144246353323,0.579088471849866,-0.1103720603720603,-0.0868389423076922,0.8223897879070293,0.6275864000199363,2.8977061926465177,187.157423280498,18,1,1,preprocessing,3,repair_level=1.0,0.6.1,1.5.2,
compas,rf,dir,2048,2048,2048,race,[{'race': 1.0}],[{'race': 0.0}],3700,1233,1234,0.6288492706645057,0.5932504440497336,-0.1442377442377442,-0.1174879807692307,0.773955773955774,0.6229704000288621,2.7621676368378822,187.9540310054568,18,1,1,preprocessing,3,repair_level=1.0,0.6.1,1.5.2,
compas,rf,dir,4096,4096,4096,race,[{'race': 1.0}],[{'race': 0.0}],3700,1233,1234,0.6256077795786061,0.5940246045694201,-0.1301041301041301,-0.1114783653846154,0.7898317898317898,0.6170467999763787,2.812848882086334,199.97684279937465,18,1,1,preprocessing,3,repair_level=1.0,0.6.1,1.5.2,
compas,rf,dir,8192,8192,8192,race,[{'race': 1.0}],[{'race': 0.0}],3700,1233,1234,0.6377633711507293,0.5991031390134529,-0.0549257049257049,-0.0279447115384615,0.9066040644988014,0.6172185000032187,2.7593882949710213,187.8176091400973,18,1,1,preprocessing,3,repair_level=1.0,0.6.1,1.5.2,
compas,rf,dir,16384,16384,16384,race,[{'race': 1.0}],[{'race': 0.0}],3700,1233,1234,0.6304700162074555,0.5992970123022847,-0.1409324909324909,-0.0979567307692307,0.7749367064956418,0.7873860000399873,2.789851428309792,188.6298132464517,18,1,1,preprocessing,3,repair_level=1.0,0.6.1,1.5.2,
compas,rf,dir,32768,32768,32768,race,[{'race': 1.0}],[{'race': 0.0}],3700,1233,1234,0.653160453808752,0.6144144144144145,-0.0920966420966421,0.0009014423076922,0.850654093897337,0.6287774000084028,2.76303580077803,187.68471157336964,18,1,1,preprocessing,3,repair_level=1.0,0.6.1,1.5.2,
compas,rf,eqodds,42,42,42,race,[{'race': 1.0}],[{'race': 0.0}],3700,1233,1234,0.6142625607779578,0.5258964143426295,0.0164677664677664,0.0012019230769231,1.0260998562885355,0.6378431998891756,2.161999989766628,7.467099989298731,22,0,0,postprocessing,3,fit_on=validation,0.6.1,1.5.2,
compas,rf,eqodds,123,123,123,race,[{'race': 1.0}],[{'race': 0.0}],3700,1233,1234,0.6175040518638574,0.5354330708661418,-0.0488065988065987,-0.0462740384615384,0.9265277007212492,0.650411200011149,2.1512500243261456,7.789449999108911,22,0,0,postprocessing,3,fit_on=validation,0.6.1,1.5.2,
compas,rf,eqodds,256,256,256,race,[{'race': 1.0}],[{'race': 0.0}],3700,1233,1234,0.640194489465154,0.5542168674698795,-0.0783783783783783,-0.0643028846153845,0.888030888030888,0.6428393999813125,2.158899966161698,7.452999998349696,22,0,0,postprocessing,3,fit_on=validation,0.6.1,1.5.2,
compas,rf,eqodds,789,789,789,race,[{'race': 1.0}],[{'race': 0.0}],3700,1233,1234,0.6183144246353323,0.5294705294705294,-0.0339885339885339,-0.0396634615384615,0.949017199017199,0.6399657001020387,2.178249997086823,7.4615999474190176,22,0,0,postprocessing,3,fit_on=validation,0.6.1,1.5.2,
compas,rf,eqodds,1024,1024,1024,race,[{'race': 1.0}],[{'race': 0.0}],3700,1233,1234,0.6369529983792545,0.5844155844155844,-0.0888791388791387,-0.0603966346153845,0.861229597289077,0.8259951999643818,2.1579000167548656,7.330649998039007,22,0,0,postprocessing,3,fit_on=validation,0.6.1,1.5.2,
compas,rf,eqodds,2048,2048,2048,race,[{'race': 1.0}],[{'race': 0.0}],3700,1233,1234,0.6175040518638574,0.5924006908462867,-0.068047268047268,-0.0213341346153845,0.8788989297463873,0.6389892001170665,2.153049979824573,7.428899989463389,22,0,0,postprocessing,3,fit_on=validation,0.6.1,1.5.2,
compas,rf,eqodds,4096,4096,4096,race,[{'race': 1.0}],[{'race': 0.0}],3700,1233,1234,0.5948136142625607,0.4646680942184154,0.0122265122265122,-0.0255408653846154,1.0177073625349489,0.6364967999979854,2.174600027501583,7.290399924386293,22,0,0,postprocessing,3,fit_on=validation,0.6.1,1.5.2,
compas,rf,eqodds,8192,8192,8192,race,[{'race': 1.0}],[{'race': 0.0}],3700,1233,1234,0.6296596434359806,0.537917087967644,-0.0048087048087047,-0.0210336538461538,0.992682405725884,0.6340437001781538,2.166500024031848,7.602699974086136,22,0,0,postprocessing,3,fit_on=validation,0.6.1,1.5.2,
compas,rf,eqodds,16384,16384,16384,race,[{'race': 1.0}],[{'race': 0.0}],3700,1233,1234,0.6345218800648298,0.5591397849462365,-0.0104832104832104,0.0525841346153845,0.9834475623949308,0.6482339000795037,2.159199968446046,7.623349956702441,22,0,0,postprocessing,3,fit_on=validation,0.6.1,1.5.2,
compas,rf,eqodds,32768,32768,32768,race,[{'race': 1.0}],[{'race': 0.0}],3700,1233,1234,0.646677471636953,0.604355716878403,0.026014976014976,0.1271033653846154,1.047713056446681,0.664334399974905,2.4232499999925494,9.38514998415485,22,0,0,postprocessing,3,fit_on=validation,0.6.1,1.5.2,
german,lr,baseline,42,42,42,age,[{'age': 1.0}],[{'age': 0.0}],600,200,200,0.765,0.8303249097472925,-0.3258609486679662,-0.273497688751926,0.5637233579817311,0.0066892999457195,0.0495000276714563,0.1621499541215598,0,0,0,none,1,,0.6.1,1.5.2,
german,lr,baseline,123,123,123,age,[{'age': 1.0}],[{'age': 0.0}],600,200,200,0.755,0.8316151202749141,-0.1523716699155296,-0.1086286594761171,0.8056361375880645,0.0078125,0.0681000528857112,0.2064499421976506,0,0,0,none,1,,0.6.1,1.5.2,
german,lr,baseline,256,256,256,age,[{'age': 1.0}],[{'age': 0.0}],600,200,200,0.755,0.8316151202749141,-0.1198830409356724,-0.0007704160246533,0.8458646616541354,0.011838800041005,0.0479000154882669,0.2984499442391097,0,0,0,none,1,,0.6.1,1.5.2,
german,lr,baseline,789,789,789,age,[{'age': 1.0}],[{'age': 0.0}],600,200,200,0.725,0.8070175438596491,-0.1478232618583496,-0.0577812018489984,0.8037100949094046,0.0076950000366196,0.0457999994978308,0.2652500406838953,0,0,0,none,1,,0.6.1,1.5.2,
german,lr,baseline,1024,1024,1024,age,[{'age': 1.0}],[{'age': 0.0}],600,200,200,0.73,0.8211920529801324,-0.1552956465237166,-0.1340523882896764,0.8150154798761611,0.0105886000674217,0.0459000002592802,0.2672999980859458,0,0,0,none,1,,0.6.1,1.5.2,
german,lr,baseline,2048,2048,2048,age,[{'age': 1.0}],[{'age': 0.0}],600,200,200,0.73,0.8163265306122449,-0.2683560753736191,-0.2619414483821264,0.6731301939058173,0.0071548999985679,0.0448999926447868,0.2169499639421701,0,0,0,none,1,,0.6.1,1.5.2,
german,lr,baseline,4096,4096,4096,age,[{'age': 1.0}],[{'age': 0.0}],600,200,200,0.755,0.8316151202749141,-0.2823261858349578,-0.1625577812018489,0.650863800723182,0.0083339000120759,0.0461500021629035,0.2673499984666705,0,0,0,none,1,,0.6.1,1.5.2,
german,lr,baseline,8192,8192,8192,age,[{'age': 1.0}],[{'age': 0.0}],600,200,200,0.71,0.8040540540540541,0.0441845354126055,0.0161787365177196,1.057263157894737,0.0079904000740498,0.0467000063508749,0.2661499893292784,0,0,0,none,1,,0.6.1,1.5.2,
german,lr,baseline,16384,16384,16384,age,[{'age': 1.0}],[{'age': 0.0}],600,200,200,0.79,0.8551724137931035,-0.1461988304093567,-0.1340523882896764,0.8120300751879699,0.0078127000015228,0.0449999934062361,0.1468999544158578,0,0,0,none,1,,0.6.1,1.5.2,
german,lr,baseline,32768,32768,32768,age,[{'age': 1.0}],[{'age': 0.0}],600,200,200,0.755,0.8338983050847457,-0.0795971410006497,-0.12557781201849,0.8992598684210527,0.007117300061509,0.0463000033050775,0.2344000386074185,0,0,0,none,1,,0.6.1,1.5.2,
german,lr,reweighing,42,42,42,age,[{'age': 1.0}],[{'age': 0.0}],600,200,200,0.75,0.8214285714285714,-0.2144249512670565,-0.2195685670261942,0.7105263157894737,0.0077854000264778,0.0464000040665268,0.2966999891214072,6,0,0,preprocessing,2,,0.6.1,1.5.2,
german,lr,reweighing,123,123,123,age,[{'age': 1.0}],[{'age': 0.0}],600,200,200,0.74,0.821917808219178,0.0038986354775828,-0.0462249614791987,1.0051347881899872,0.0087315000128,0.0471000093966722,0.1783499610610306,6,0,0,preprocessing,2,,0.6.1,1.5.2,
german,lr,reweighing,256,256,256,age,[{'age': 1.0}],[{'age': 0.0}],600,200,200,0.745,0.8247422680412371,0.0100714749837557,0.061633281972265,1.0133735979292493,0.0077518000034615,0.0455999979749321,0.2164500183425843,6,0,0,preprocessing,2,,0.6.1,1.5.2,
german,lr,reweighing,789,789,789,age,[{'age': 1.0}],[{'age': 0.0}],600,200,200,0.725,0.8042704626334519,-0.025666016894087,0.0130970724191064,0.9638443935926772,0.0127669000066816,0.0470000086352229,0.2688500098884105,6,0,0,preprocessing,2,,0.6.1,1.5.2,
german,lr,reweighing,1024,1024,1024,age,[{'age': 1.0}],[{'age': 0.0}],600,200,200,0.73,0.82,-0.0779727095516569,-0.071648690292758,0.9043062200956936,0.0106746000237762,0.0452000531367957,0.2796000335365534,6,0,0,preprocessing,2,,0.6.1,1.5.2,
german,lr,reweighing,2048,2048,2048,age,[{'age': 1.0}],[{'age': 0.0}],600,200,200,0.725,0.8135593220338984,-0.1445743989603638,-0.1540832049306625,0.819838056680162,0.0085754999890923,0.0462499447166919,0.2436499926261603,6,0,0,preprocessing,2,,0.6.1,1.5.2,
german,lr,reweighing,4096,4096,4096,age,[{'age': 1.0}],[{'age': 0.0}],600,200,200,0.73,0.8137931034482758,-0.1786874593892138,-0.0832049306625578,0.7720679651885619,0.0083893999690189,0.0452999956905841,0.1768000074662268,6,0,0,preprocessing,2,,0.6.1,1.5.2,
german,lr,reweighing,8192,8192,8192,age,[{'age': 1.0}],[{'age': 0.0}],600,200,200,0.695,0.7918088737201365,0.1276803118908382,0.0955315870570107,1.1723684210526315,0.0083136999746784,0.0456999987363815,0.2217000001110136,6,0,0,preprocessing,2,,0.6.1,1.5.2,
german,lr,reweighing,16384,16384,16384,age,[{'age': 1.0}],[{'age': 0.0}],600,200,200,0.765,0.8395904436860068,0.062703053931124,-0.0177195685670261,1.0832614322691976,0.009598399978131,0.0461000017821788,0.258350046351552,6,0,0,preprocessing,2,,0.6.1,1.5.2,
german,lr,reweighing,32768,32768,32768,age,[{'age': 1.0}],[{'age': 0.0}],600,200,200,0.77,0.8456375838926175,0.0643274853801169,0.0647149460708783,1.0827067669172932,0.0076664999360218,0.045000109821558,0.1564499689266085,6,0,0,preprocessing,2,,0.6.1,1.5.2,
german,lr,dir,42,42,42,age,[{'age': 1.0}],[{'age': 0.0}],600,200,200,0.775,0.8387096774193549,-0.2732293697205978,-0.236517719568567,0.6341887777294476,0.0072697000578045,0.3086034926818684,67.67689607245848,18,1,1,preprocessing,3,repair_level=1.0,0.6.1,1.5.2,
german,lr,dir,123,123,123,age,[{'age': 1.0}],[{'age': 0.0}],600,200,200,0.755,0.8304498269896193,-0.1075373619233267,-0.1001540832049306,0.8595076400679118,0.0094586999621242,0.2904760972596705,62.90023157559335,18,1,1,preprocessing,3,repair_level=1.0,0.6.1,1.5.2,
german,lr,dir,256,256,256,age,[{'age': 1.0}],[{'age': 0.0}],600,200,200,0.755,0.8316151202749141,-0.1198830409356724,-0.0007704160246533,0.8458646616541354,0.0076945999171584,0.3077641504351049,67.42250960459933,18,1,1,preprocessing,3,repair_level=1.0,0.6.1,1.5.2,
german,lr,dir,789,789,789,age,[{'age': 1.0}],[{'age': 0.0}],600,200,200,0.74,0.8169014084507042,-0.1091617933723196,-0.0662557781201849,0.8526315789473684,0.0099082998931407,0.3561239169212058,79.0822183676064,18,1,1,preprocessing,3,repair_level=1.0,0.6.1,1.5.2,
german,lr,dir,1024,1024,1024,age,[{'age': 1.0}],[{'age': 0.0}],600,200,200,0.735,0.8250825082508251,-0.0964912280701755,-0.0885978428351309,0.8842105263157893,0.0096414999570697,0.3104054987197742,68.03325800411403,18,1,1,preprocessing,3,repair_level=1.0,0.6.1,1.5.2,
german,lr,dir,2048,2048,2048,age,[{'age': 1.0}],[{'age': 0.0}],600,200,200,0.735,0.8203389830508474,-0.177063027940221,-0.1625577812018489,0.7810365608678184,0.0064612999558448,0.3444371226942166,75.27147319400683,18,1,1,preprocessing,3,repair_level=1.0,0.6.1,1.5.2,
german,lr,dir,4096,4096,4096,age,[{'age': 1.0}],[{'age': 0.0}],600,200,200,0.73,0.8137931034482758,-0.1786874593892138,-0.0832049306625578,0.7720679651885619,0.0079403000418096,0.3276714375242591,70.97402835451066,18,1,1,preprocessing,3,repair_level=1.0,0.6.1,1.5.2,
german,lr,dir,8192,8192,8192,age,[{'age': 1.0}],[{'age': 0.0}],600,200,200,0.705,0.7986348122866894,0.0951916829109811,0.0870570107858242,1.1274467159634622,0.0077088000252842,0.308453012839891,66.4002436073497,18,1,1,preprocessing,3,repair_level=1.0,0.6.1,1.5.2,
german,lr,dir,16384,16384,16384,age,[{'age': 1.0}],[{'age': 0.0}],600,200,200,0.8,0.863013698630137,-0.0610786224821312,-0.0431432973805855,0.920842105263158,0.0101656999904662,0.3066415055654943,66.90092400601134,18,1,1,preprocessing,3,repair_level=1.0,0.6.1,1.5.2,
german,lr,dir,32768,32768,32768,age,[{'age': 1.0}],[{'age': 0.0}],600,200,200,0.755,0.8338983050847457,-0.0795971410006497,-0.12557781201849,0.8992598684210527,0.009428400080651,0.3109320002840832,68.08044202858582,18,1,1,preprocessing,3,repair_level=1.0,0.6.1,1.5.2,
german,lr,eqodds,42,42,42,age,[{'age': 1.0}],[{'age': 0.0}],600,200,200,0.68,0.751937984496124,-0.2085769980506823,-0.12095531587057,0.6687306501547987,0.0096053999150171,0.1198999816551804,0.4631999763660133,22,0,0,postprocessing,3,fit_on=validation,0.6.1,1.5.2,
german,lr,eqodds,123,123,123,age,[{'age': 1.0}],[{'age': 0.0}],600,200,200,0.745,0.8271186440677966,-0.0471085120207928,-0.0631741140215715,0.9399088271860754,0.0105387999210506,0.1193000935018062,0.4892500001005828,22,0,0,postprocessing,3,fit_on=validation,0.6.1,1.5.2,
german,lr,eqodds,256,256,256,age,[{'age': 1.0}],[{'age': 0.0}],600,200,200,0.675,0.7636363636363637,-0.021117608836907,0.1348228043143298,0.9688995215311004,0.0105217999080196,0.1209999900311231,0.6613500299863517,22,0,0,postprocessing,3,fit_on=validation,0.6.1,1.5.2,
german,lr,eqodds,789,789,789,age,[{'age': 1.0}],[{'age': 0.0}],600,200,200,0.6,0.6946564885496184,-0.0058479532163743,0.1456086286594761,0.9904306220095692,0.0114509001141414,0.1194000942632556,0.63699996098876,22,0,0,postprocessing,3,fit_on=validation,0.6.1,1.5.2,
german,lr,eqodds,1024,1024,1024,age,[{'age': 1.0}],[{'age': 0.0}],600,200,200,0.72,0.8157894736842105,-0.1026640675763482,-0.1340523882896764,0.8777089783281734,0.0302834000904113,0.2469500177539885,0.4618000239133835,22,0,0,postprocessing,3,fit_on=validation,0.6.1,1.5.2,
german,lr,eqodds,2048,2048,2048,age,[{'age': 1.0}],[{'age': 0.0}],600,200,200,0.7,0.7902097902097902,-0.1215074723846654,-0.0947611710323574,0.8386540120793787,0.0113188000395894,0.2209000522270798,0.4098500357940793,22,0,0,postprocessing,3,fit_on=validation,0.6.1,1.5.2,
german,lr,eqodds,4096,4096,4096,age,[{'age': 1.0}],[{'age': 0.0}],600,200,200,0.69,0.7720588235294118,-0.0675763482781026,0.0269645608628659,0.8995654273297924,0.0104919999139383,0.1360999885946512,0.3251999733038246,22,0,0,postprocessing,3,fit_on=validation,0.6.1,1.5.2,
german,lr,eqodds,8192,8192,8192,age,[{'age': 1.0}],[{'age': 0.0}],600,200,200,0.63,0.7357142857142858,0.142949967511371,0.1517719568567026,1.2124577498792857,0.0116361000109463,0.2118000411428511,0.4296000115573406,22,0,0,postprocessing,3,fit_on=validation,0.6.1,1.5.2,
german,lr,eqodds,16384,16384,16384,age,[{'age': 1.0}],[{'age': 0.0}],600,200,200,0.605,0.6973180076628352,0.0328135152696555,0.1456086286594761,1.0548019533369506,0.0089718999806791,0.13415003195405,0.374099996406585,22,0,0,postprocessing,3,fit_on=validation,0.6.1,1.5.2,
german,lr,eqodds,32768,32768,32768,age,[{'age': 1.0}],[{'age': 0.0}],600,200,200,0.455,0.4630541871921182,-0.0315139701104613,-0.1286594761171032,0.9018218623481782,0.01434429991059,0.1313500106334686,0.5558999837376177,22,0,0,postprocessing,3,fit_on=validation,0.6.1,1.5.2,
german,rf,baseline,42,42,42,age,[{'age': 1.0}],[{'age': 0.0}],600,200,200,0.76,0.8410596026490066,-0.1228070175438597,-0.1594761171032357,0.8526315789473684,0.1241828000638634,2.287000010255724,3.7068999954499295,0,0,0,none,1,,0.6.1,1.5.2,
german,rf,baseline,123,123,123,age,[{'age': 1.0}],[{'age': 0.0}],600,200,200,0.755,0.8382838283828383,-0.0964912280701755,-0.0516178736517719,0.8842105263157893,0.1025929000461474,2.323449996765703,4.023600020445883,0,0,0,none,1,,0.6.1,1.5.2,
german,rf,baseline,256,256,256,age,[{'age': 1.0}],[{'age': 0.0}],600,200,200,0.76,0.8410596026490066,-0.1228070175438597,-0.1055469953775037,0.8526315789473684,0.1663434000220149,1.9522500224411488,3.3653000136837363,0,0,0,none,1,,0.6.1,1.5.2,
german,rf,baseline,789,789,789,age,[{'age': 1.0}],[{'age': 0.0}],600,200,200,0.725,0.8135593220338984,-0.1120857699805067,0.007704160246533,0.8592411260709915,0.1061723999446258,2.003150002565235,3.5571500193327665,0,0,0,none,1,,0.6.1,1.5.2,
german,rf,baseline,1024,1024,1024,age,[{'age': 1.0}],[{'age': 0.0}],600,200,200,0.755,0.8403908794788274,-0.0886939571150097,-0.0146379044684129,0.8958810068649886,0.1130592999979853,1.9515000167302787,3.3870499464683235,0,0,0,none,1,,0.6.1,1.5.2,
german,rf,baseline,2048,2048,2048,age,[{'age': 1.0}],[{'age': 0.0}],600,200,200,0.755,0.8434504792332268,-0.1582196231319038,-0.1479198767334359,0.8232304900181487,0.0932410999666899,1.9602500251494348,3.33134998800233,0,0,0,none,1,,0.6.1,1.5.2,
german,rf,baseline,4096,4096,4096,age,[{'age': 1.0}],[{'age': 0.0}],600,200,200,0.755,0.835016835016835,-0.1569200779727094,-0.0261941448382125,0.8074162679425838,0.1106265999842435,2.1008499315939844,3.430299984756857,0,0,0,none,1,,0.6.1,1.5.2,
german,rf,baseline,8192,8192,8192,age,[{'age': 1.0}],[{'age': 0.0}],600,200,200,0.725,0.8220064724919094,0.0289148797920728,0.0023112480739598,1.0344427244582044,0.1357717000646516,1.9867499941028652,3.336899972055108,0,0,0,none,1,,0.6.1,1.5.2,
german,rf,baseline,16384,16384,16384,age,[{'age': 1.0}],[{'age': 0.0}],600,200,200,0.765,0.8459016393442623,-0.0763482781026639,-0.1224961479198767,0.9090557275541796,0.1195507000666111,2.043800021056086,3.5553499474190176,0,0,0,none,1,,0.6.1,1.5.2,
german,rf,baseline,32768,32768,32768,age,[{'age': 1.0}],[{'age': 0.0}],600,200,200,0.76,0.8410596026490066,-0.0253411306042884,0.0023112480739598,0.9688995215311006,0.1394807999022305,3.313450026325881,4.935249977279455,0,0,0,none,1,,0.6.1,1.5.2,
german,rf,reweighing,42,42,42,age,[{'age': 1.0}],[{'age': 0.0}],600,200,200,0.81,0.875,-0.0051981806367771,0.059322033898305,0.9936683814800158,0.1663720000069588,2.4738499778322875,5.343750061001629,6,0,0,preprocessing,2,,0.6.1,1.5.2,
german,rf,reweighing,123,123,123,age,[{'age': 1.0}],[{'age': 0.0}],600,200,200,0.735,0.8262295081967214,-0.1088369070825211,-0.0431432973805855,0.8713023434498655,0.1086285000201314,2.0678500295616686,3.6467500030994415,6,0,0,preprocessing,2,,0.6.1,1.5.2,
german,rf,reweighing,256,256,256,age,[{'age': 1.0}],[{'age': 0.0}],600,200,200,0.755,0.8382838283828383,-0.0640025990903183,-0.0516178736517719,0.922623723487824,0.0955444000428542,2.254299994092434,6.456300034187734,6,0,0,preprocessing,2,,0.6.1,1.5.2,
german,rf,reweighing,789,789,789,age,[{'age': 1.0}],[{'age': 0.0}],600,200,200,0.73,0.8175675675675675,0.0116959064327485,-0.0007704160246533,1.0150375939849623,0.1462228000164032,2.2475500009022653,3.5296999849379063,6,0,0,preprocessing,2,,0.6.1,1.5.2,
german,rf,reweighing,1024,1024,1024,age,[{'age': 1.0}],[{'age': 0.0}],600,200,200,0.74,0.832258064516129,-0.0747238466536711,0.0392912172573189,0.9135338345864662,0.1024984000250697,1.975499966647476,3.902000025846064,6,0,0,preprocessing,2,,0.6.1,1.5.2,
german,rf,reweighing,2048,2048,2048,age,[{'age': 1.0}],[{'age': 0.0}],600,200,200,0.755,0.8454258675078864,-0.052956465237167,-0.1109399075500769,0.9408348457350272,0.1090585000347346,2.047899994067848,3.7607999984174967,6,0,0,preprocessing,2,,0.6.1,1.5.2,
german,rf,reweighing,4096,4096,4096,age,[{'age': 1.0}],[{'age': 0.0}],600,200,200,0.785,0.8561872909698997,-0.1367771280051981,-0.0061633281972265,0.8333992876929165,0.118483200087212,1.9584500114433467,3.480050014331937,6,0,0,preprocessing,2,,0.6.1,1.5.2,
german,rf,reweighing,8192,8192,8192,age,[{'age': 1.0}],[{'age': 0.0}],600,200,200,0.735,0.8262295081967214,0.0860948667966211,0.0647149460708783,1.1064684612294091,0.1050420000683516,2.031700045336038,3.519150021020323,6,0,0,preprocessing,2,,0.6.1,1.5.2,
german,rf,reweighing,16384,16384,16384,age,[{'age': 1.0}],[{'age': 0.0}],600,200,200,0.755,0.8403908794788274,-0.0886939571150097,-0.1224961479198767,0.8958810068649886,0.1167629000265151,2.6050000451505184,4.414149967487901,6,0,0,preprocessing,2,,0.6.1,1.5.2,
german,rf,reweighing,32768,32768,32768,age,[{'age': 1.0}],[{'age': 0.0}],600,200,200,0.745,0.8349514563106796,0.0289148797920728,-0.0146379044684129,1.0344427244582044,0.1143029000377282,1.9806500058621168,3.4056499716825783,6,0,0,preprocessing,2,,0.6.1,1.5.2,
german,rf,dir,42,42,42,age,[{'age': 1.0}],[{'age': 0.0}],600,200,200,0.775,0.8504983388704319,-0.0841455490578297,-0.0600924499229583,0.8975069252077562,0.0972554000327363,2.2812484446913004,96.74159042397514,18,1,1,preprocessing,3,repair_level=1.0,0.6.1,1.5.2,
german,rf,dir,123,123,123,age,[{'age': 1.0}],[{'age': 0.0}],600,200,200,0.755,0.839344262295082,-0.043859649122807,-0.0600924499229583,0.9473684210526316,0.0973062999546527,2.22852428490296,73.84064520755783,18,1,1,preprocessing,3,repair_level=1.0,0.6.1,1.5.2,
german,rf,dir,256,256,256,age,[{'age': 1.0}],[{'age': 0.0}],600,200,200,0.79,0.86,-0.1104613385315139,-0.0146379044684129,0.8654531064503364,0.0947690999601036,2.156123351654969,71.64254035195336,18,1,1,preprocessing,3,repair_level=1.0,0.6.1,1.5.2,
german,rf,dir,789,789,789,age,[{'age': 1.0}],[{'age': 0.0}],600,200,200,0.715,0.8067796610169492,-0.0471085120207928,-0.0916795069337442,0.9399088271860754,0.0962810999481007,2.211147453519516,71.97641002060845,18,1,1,preprocessing,3,repair_level=1.0,0.6.1,1.5.2,
german,rf,dir,1024,1024,1024,age,[{'age': 1.0}],[{'age': 0.0}],600,200,200,0.755,0.842443729903537,-0.0484080571799869,0.0223420647149461,0.943984962406015,0.0945581999840214,2.176988736726344,69.65068281115964,18,1,1,preprocessing,3,repair_level=1.0,0.6.1,1.5.2,
german,rf,dir,2048,2048,2048,age,[{'age': 1.0}],[{'age': 0.0}],600,200,200,0.76,0.8481012658227848,-0.0467836257309941,-0.1109399075500769,0.9473684210526316,0.0939246999332681,2.2024637907743454,72.30328278662637,18,1,1,preprocessing,3,repair_level=1.0,0.6.1,1.5.2,
german,rf,dir,4096,4096,4096,age,[{'age': 1.0}],[{'age': 0.0}],600,200,200,0.755,0.8361204013377926,-0.0717998700454841,0.0192604006163328,0.9112093210124548,0.0963277999544516,2.2185699376277626,73.00519441626966,18,1,1,preprocessing,3,repair_level=1.0,0.6.1,1.5.2,
german,rf,dir,8192,8192,8192,age,[{'age': 1.0}],[{'age': 0.0}],600,200,200,0.74,0.8311688311688312,0.0350877192982456,0.0477657935285054,1.0421052631578946,0.0942961999680846,2.216726689366624,70.25638520950451,18,1,1,preprocessing,3,repair_level=1.0,0.6.1,1.5.2,
german,rf,dir,16384,16384,16384,age,[{'age': 1.0}],[{'age': 0.0}],600,200,200,0.76,0.8441558441558441,-0.0948667966211825,-0.0770416024653313,0.8894358197652404,0.0941850000526756,2.17422577959951,69.43555480800569,18,1,1,preprocessing,3,repair_level=1.0,0.6.1,1.5.2,
german,rf,dir,32768,32768,32768,age,[{'age': 1.0}],[{'age': 0.0}],600,200,200,0.75,0.8355263157894737,0.0272904483430799,0.0023112480739598,1.0334928229665072,0.09948750003241,2.19301470334176,71.46926322206855,18,1,1,preprocessing,3,repair_level=1.0,0.6.1,1.5.2,
german,rf,eqodds,42,42,42,age,[{'age': 1.0}],[{'age': 0.0}],600,200,200,0.705,0.8090614886731392,-0.1660168940870695,-0.1425269645608629,0.8106004447739066,0.1142032999778166,2.033400000073016,3.48329998087138,22,0,0,postprocessing,3,fit_on=validation,0.6.1,1.5.2,
german,rf,eqodds,123,123,123,age,[{'age': 1.0}],[{'age': 0.0}],600,200,200,0.755,0.839344262295082,-0.043859649122807,-0.0061633281972265,0.9473684210526316,0.1046236999100074,2.03430000692606,3.5105000133626163,22,0,0,postprocessing,3,fit_on=validation,0.6.1,1.5.2,
german,rf,eqodds,256,256,256,age,[{'age': 1.0}],[{'age': 0.0}],600,200,200,0.735,0.8215488215488216,-0.0919428200129954,-0.0631741140215715,0.8854251012145749,0.0972669000038877,2.050000010058284,3.4695000504143536,22,0,0,postprocessing,3,fit_on=validation,0.6.1,1.5.2,
german,rf,eqodds,789,789,789,age,[{'age': 1.0}],[{'age': 0.0}],600,200,200,0.685,0.7820069204152249,-0.0100714749837557,0.0670261941448382,0.9865158764680296,0.102981999865733,2.0250999950803816,3.497849975246936,22,0,0,postprocessing,3,fit_on=validation,0.6.1,1.5.2,
german,rf,eqodds,1024,1024,1024,age,[{'age': 1.0}],[{'age': 0.0}],600,200,200,0.75,0.8366013071895425,-0.115009746588694,-0.0600924499229583,0.8649885583524027,0.0963299999712035,2.03279999550432,3.574900038074702,22,0,0,postprocessing,3,fit_on=validation,0.6.1,1.5.2,
german,rf,eqodds,2048,2048,2048,age,[{'age': 1.0}],[{'age': 0.0}],600,200,200,0.68,0.7746478873239436,0.0207927225471085,0.0385208012326656,1.029038112522686,0.1004625000059604,2.0526500302366912,3.592949942685664,22,0,0,postprocessing,3,fit_on=validation,0.6.1,1.5.2,
german,rf,eqodds,4096,4096,4096,age,[{'age': 1.0}],[{'age': 0.0}],600,200,200,0.655,0.7628865979381443,-0.1198830409356724,0.083975346687211,0.8458646616541354,0.095795499975793,2.0307000377215445,3.517950011882931,22,0,0,postprocessing,3,fit_on=validation,0.6.1,1.5.2,
german,rf,eqodds,8192,8192,8192,age,[{'age': 1.0}],[{'age': 0.0}],600,200,200,0.64,0.7534246575342466,0.133853151397011,0.1463790446841294,1.182220256523662,0.0980487000197172,2.0608000340871517,3.511050017550588,22,0,0,postprocessing,3,fit_on=validation,0.6.1,1.5.2,
german,rf,eqodds,16384,16384,16384,age,[{'age': 1.0}],[{'age': 0.0}],600,200,200,0.765,0.8459016393442623,-0.0763482781026639,-0.1224961479198767,0.9090557275541796,0.0972341999877244,2.036250021774322,3.4947500098496675,22,0,0,postprocessing,3,fit_on=validation,0.6.1,1.5.2,
german,rf,eqodds,32768,32768,32768,age,[{'age': 1.0}],[{'age': 0.0}],600,200,200,0.655,0.7578947368421053,0.0795971410006497,0.1633281972265022,1.1121281464530892,0.1012490001739934,2.043050015345216,3.46089998492971,22,0,0,postprocessing,3,fit_on=validation,0.6.1,1.5.2,
