dataset,model,method,seed,split_seed,model_seed,protected_attribute,privileged_group,unprivileged_group,n_train,n_val,n_test,accuracy,f1,spd,eod,disparate_impact,train_time_sec,single_pred_latency_ms,batch_256_latency_ms,implementation_loc_added,implementation_dependencies_added,implementation_hyperparams,implementation_stage,implementation_complexity_score,method_hyperparams,aif360_version,sklearn_version,notes
german,lr,baseline,42,42,42,age,[{'age': 1.0}],[{'age': 0.0}],600,200,200,0.765,0.8303249097472925,-0.3258609486679662,-0.27349768875192604,0.5637233579817311,0.00504339998587966,0.05050003528594971,0.15854998491704464,0,0,0,none,1,,0.6.1,1.5.2,german_extended_30seeds
german,lr,reweighing,42,42,42,age,[{'age': 1.0}],[{'age': 0.0}],600,200,200,0.75,0.8214285714285714,-0.21442495126705652,-0.2195685670261942,0.7105263157894737,0.004211599938571453,0.05345011595636606,0.1265000319108367,6,0,0,preprocessing,2,,0.6.1,1.5.2,german_extended_30seeds
german,lr,dir,42,42,42,age,[{'age': 1.0}],[{'age': 0.0}],600,200,200,0.77,0.8357142857142857,-0.27940220922677067,-0.2904468412942989,0.628990509059534,0.022683299845084548,1.1859500082209706,2.5758000556379557,24,1,2,preprocessing,3,"repair_level=1.0,n_quantiles=101,train_only_fit=True",0.6.1,1.5.2,german_extended_30seeds
german,lr,eqodds,42,42,42,age,[{'age': 1.0}],[{'age': 0.0}],600,200,200,0.68,0.751937984496124,-0.2085769980506823,-0.12095531587057007,0.6687306501547987,0.0681467002723366,0.1508499262854457,0.28170004952698946,22,0,0,postprocessing,3,fit_on=validation,0.6.1,1.5.2,german_extended_30seeds
german,rf,baseline,42,42,42,age,[{'age': 1.0}],[{'age': 0.0}],600,200,200,0.76,0.8410596026490066,-0.1228070175438597,-0.15947611710323573,0.8526315789473684,0.11460410011932254,2.314849989488721,4.4652000069618225,0,0,0,none,1,,0.6.1,1.5.2,german_extended_30seeds
german,rf,reweighing,42,42,42,age,[{'age': 1.0}],[{'age': 0.0}],600,200,200,0.81,0.875,-0.005198180636777128,0.05932203389830504,0.9936683814800158,0.14335889997892082,2.395499963313341,3.6242998903617263,6,0,0,preprocessing,2,,0.6.1,1.5.2,german_extended_30seeds
german,rf,dir,42,42,42,age,[{'age': 1.0}],[{'age': 0.0}],600,200,200,0.765,0.842809364548495,-0.1692657569850552,-0.09707241910631736,0.7953652788688139,0.11173090012744069,3.1536000315099955,5.947700003162026,24,1,2,preprocessing,3,"repair_level=1.0,n_quantiles=101,train_only_fit=True",0.6.1,1.5.2,german_extended_30seeds
german,rf,eqodds,42,42,42,age,[{'age': 1.0}],[{'age': 0.0}],600,200,200,0.705,0.8090614886731392,-0.16601689408706954,-0.1425269645608629,0.8106004447739066,0.10198049969039857,2.177150105126202,4.659099970012903,22,0,0,postprocessing,3,fit_on=validation,0.6.1,1.5.2,german_extended_30seeds
german,lr,baseline,123,123,123,age,[{'age': 1.0}],[{'age': 0.0}],600,200,200,0.755,0.8316151202749141,-0.15237166991552964,-0.1086286594761171,0.8056361375880645,0.008040300104767084,0.04409998655319214,0.12684997636824846,0,0,0,none,1,,0.6.1,1.5.2,german_extended_30seeds
german,lr,reweighing,123,123,123,age,[{'age': 1.0}],[{'age': 0.0}],600,200,200,0.74,0.821917808219178,0.003898635477582846,-0.046224961479198745,1.0051347881899872,0.007329999934881926,0.06735010538250208,0.16470008995383978,6,0,0,preprocessing,2,,0.6.1,1.5.2,german_extended_30seeds
german,lr,dir,123,123,123,age,[{'age': 1.0}],[{'age': 0.0}],600,200,200,0.745,0.825938566552901,-0.03476283300844707,-0.1086286594761171,0.9549473684210525,0.02853989996947348,1.7498999368399382,4.524450050666928,24,1,2,preprocessing,3,"repair_level=1.0,n_quantiles=101,train_only_fit=True",0.6.1,1.5.2,german_extended_30seeds
german,lr,eqodds,123,123,123,age,[{'age': 1.0}],[{'age': 0.0}],600,200,200,0.745,0.8271186440677966,-0.0471085120207928,-0.06317411402157158,0.9399088271860754,0.01106759998947382,0.20219990983605385,0.46614999882876873,22,0,0,postprocessing,3,fit_on=validation,0.6.1,1.5.2,german_extended_30seeds
german,rf,baseline,123,123,123,age,[{'age': 1.0}],[{'age': 0.0}],600,200,200,0.755,0.8382838283828383,-0.09649122807017552,-0.05161787365177195,0.8842105263157893,0.16106109996326268,2.852849895134568,4.7853500582277775,0,0,0,none,1,,0.6.1,1.5.2,german_extended_30seeds
german,rf,reweighing,123,123,123,age,[{'age': 1.0}],[{'age': 0.0}],600,200,200,0.735,0.8262295081967214,-0.10883690708252114,-0.04314329738058553,0.8713023434498655,0.19173610000871122,2.5350500363856554,3.758349921554327,6,0,0,preprocessing,2,,0.6.1,1.5.2,german_extended_30seeds
german,rf,dir,123,123,123,age,[{'age': 1.0}],[{'age': 0.0}],600,200,200,0.75,0.8366013071895425,-0.14749837556855105,-0.16795069337442226,0.8280954184021203,0.14830600004643202,4.389549954794347,7.465500035323203,24,1,2,preprocessing,3,"repair_level=1.0,n_quantiles=101,train_only_fit=True",0.6.1,1.5.2,german_extended_30seeds
german,rf,eqodds,123,123,123,age,[{'age': 1.0}],[{'age': 0.0}],600,200,200,0.755,0.839344262295082,-0.04385964912280704,-0.006163328197226536,0.9473684210526315,0.14786679996177554,3.079200047068298,4.557549953460693,22,0,0,postprocessing,3,fit_on=validation,0.6.1,1.5.2,german_extended_30seeds
german,lr,baseline,256,256,256,age,[{'age': 1.0}],[{'age': 0.0}],600,200,200,0.755,0.8316151202749141,-0.11988304093567248,-0.0007704160246533309,0.8458646616541354,0.0042375000193715096,0.051299924962222576,0.1334500266239047,0,0,0,none,1,,0.6.1,1.5.2,german_extended_30seeds
german,lr,reweighing,256,256,256,age,[{'age': 1.0}],[{'age': 0.0}],600,200,200,0.745,0.8247422680412371,0.010071474983755713,0.06163328197226503,1.0133735979292493,0.005086800083518028,0.047900015488266945,0.13375002890825272,6,0,0,preprocessing,2,,0.6.1,1.5.2,german_extended_30seeds
german,lr,dir,256,256,256,age,[{'age': 1.0}],[{'age': 0.0}],600,200,200,0.715,0.8027681660899654,-0.1400259909031839,-0.1741140215716488,0.8185263157894737,0.025504100136458874,1.0888999095186591,3.3870000625029206,24,1,2,preprocessing,3,"repair_level=1.0,n_quantiles=101,train_only_fit=True",0.6.1,1.5.2,german_extended_30seeds
german,lr,eqodds,256,256,256,age,[{'age': 1.0}],[{'age': 0.0}],600,200,200,0.675,0.7636363636363637,-0.021117608836907054,0.1348228043143298,0.9688995215311005,0.008625300135463476,0.14815002214163542,0.36700000055134296,22,0,0,postprocessing,3,fit_on=validation,0.6.1,1.5.2,german_extended_30seeds
german,rf,baseline,256,256,256,age,[{'age': 1.0}],[{'age': 0.0}],600,200,200,0.76,0.8410596026490066,-0.1228070175438597,-0.10554699537750378,0.8526315789473684,0.11928099999204278,1.966250129044056,3.426400013267994,0,0,0,none,1,,0.6.1,1.5.2,german_extended_30seeds
german,rf,reweighing,256,256,256,age,[{'age': 1.0}],[{'age': 0.0}],600,200,200,0.755,0.8382838283828383,-0.06400259909031836,-0.05161787365177195,0.9226237234878241,0.10048340004868805,1.9475999288260937,3.8785000797361135,6,0,0,preprocessing,2,,0.6.1,1.5.2,german_extended_30seeds
german,rf,dir,256,256,256,age,[{'age': 1.0}],[{'age': 0.0}],600,200,200,0.74,0.8266666666666667,-0.3378817413905133,-0.349768875192604,0.6090225563909775,0.11141799995675683,2.905000001192093,5.71320008020848,24,1,2,preprocessing,3,"repair_level=1.0,n_quantiles=101,train_only_fit=True",0.6.1,1.5.2,german_extended_30seeds
german,rf,eqodds,256,256,256,age,[{'age': 1.0}],[{'age': 0.0}],600,200,200,0.735,0.8215488215488216,-0.09194282001299547,-0.06317411402157158,0.8854251012145749,0.11148039996623993,2.529549994505942,6.618049927055836,22,0,0,postprocessing,3,fit_on=validation,0.6.1,1.5.2,german_extended_30seeds
german,lr,baseline,789,789,789,age,[{'age': 1.0}],[{'age': 0.0}],600,200,200,0.725,0.8070175438596491,-0.1478232618583496,-0.05778120184899849,0.8037100949094046,0.005405500065535307,0.05550007335841656,0.18239999189972878,0,0,0,none,1,,0.6.1,1.5.2,german_extended_30seeds
german,lr,reweighing,789,789,789,age,[{'age': 1.0}],[{'age': 0.0}],600,200,200,0.725,0.8042704626334519,-0.025666016894087096,0.013097072419106404,0.9638443935926773,0.009688900085166097,0.07185002323240042,0.1132000470533967,6,0,0,preprocessing,2,,0.6.1,1.5.2,german_extended_30seeds
german,lr,dir,789,789,789,age,[{'age': 1.0}],[{'age': 0.0}],600,200,200,0.7,0.7931034482758621,-0.08122157244964257,-0.05778120184899849,0.8938879456706282,0.024618699913844466,1.016549882479012,2.391700050793588,24,1,2,preprocessing,3,"repair_level=1.0,n_quantiles=101,train_only_fit=True",0.6.1,1.5.2,german_extended_30seeds
german,lr,eqodds,789,789,789,age,[{'age': 1.0}],[{'age': 0.0}],600,200,200,0.6,0.6946564885496184,-0.005847953216374324,0.1456086286594761,0.9904306220095693,0.008809400023892522,0.11180015280842781,0.2639999147504568,22,0,0,postprocessing,3,fit_on=validation,0.6.1,1.5.2,german_extended_30seeds
german,rf,baseline,789,789,789,age,[{'age': 1.0}],[{'age': 0.0}],600,200,200,0.725,0.8135593220338984,-0.11208576998050679,0.007704160246533087,0.8592411260709915,0.11134159984067082,2.2034000139683485,4.986950079910457,0,0,0,none,1,,0.6.1,1.5.2,german_extended_30seeds
german,rf,reweighing,789,789,789,age,[{'age': 1.0}],[{'age': 0.0}],600,200,200,0.73,0.8175675675675675,0.011695906432748537,-0.0007704160246533309,1.0150375939849623,0.13366180006414652,1.9946499960497022,3.7195500917732716,6,0,0,preprocessing,2,,0.6.1,1.5.2,german_extended_30seeds
german,rf,dir,789,789,789,age,[{'age': 1.0}],[{'age': 0.0}],600,200,200,0.705,0.8,-0.0471085120207928,-0.08320493066255785,0.9399088271860754,0.11904039978981018,6.236299988813698,6.458450108766556,24,1,2,preprocessing,3,"repair_level=1.0,n_quantiles=101,train_only_fit=True",0.6.1,1.5.2,german_extended_30seeds
german,rf,eqodds,789,789,789,age,[{'age': 1.0}],[{'age': 0.0}],600,200,200,0.685,0.7820069204152249,-0.010071474983755713,0.06702619414483824,0.9865158764680295,0.11236619995906949,3.139349981211126,4.240549984388053,22,0,0,postprocessing,3,fit_on=validation,0.6.1,1.5.2,german_extended_30seeds
german,lr,baseline,1024,1024,1024,age,[{'age': 1.0}],[{'age': 0.0}],600,200,200,0.73,0.8211920529801324,-0.15529564652371664,-0.13405238828967647,0.8150154798761611,0.0063714999705553055,0.06120000034570694,0.18119998276233673,0,0,0,none,1,,0.6.1,1.5.2,german_extended_30seeds
german,lr,reweighing,1024,1024,1024,age,[{'age': 1.0}],[{'age': 0.0}],600,200,200,0.73,0.82,-0.07797270955165692,-0.071648690292758,0.9043062200956937,0.00827330001629889,0.06320001557469368,0.11464999988675117,6,0,0,preprocessing,2,,0.6.1,1.5.2,german_extended_30seeds
german,lr,dir,1024,1024,1024,age,[{'age': 1.0}],[{'age': 0.0}],600,200,200,0.735,0.822742474916388,-0.1692657569850552,-0.12557781201849005,0.7953652788688139,0.023032000055536628,1.2766000581905246,3.2687500352039933,24,1,2,preprocessing,3,"repair_level=1.0,n_quantiles=101,train_only_fit=True",0.6.1,1.5.2,german_extended_30seeds
german,lr,eqodds,1024,1024,1024,age,[{'age': 1.0}],[{'age': 0.0}],600,200,200,0.72,0.8157894736842105,-0.10266406757634827,-0.13405238828967647,0.8777089783281734,0.010583700146526098,0.1137999352067709,0.39354991167783737,22,0,0,postprocessing,3,fit_on=validation,0.6.1,1.5.2,german_extended_30seeds
german,rf,baseline,1024,1024,1024,age,[{'age': 1.0}],[{'age': 0.0}],600,200,200,0.755,0.8403908794788274,-0.08869395711500971,-0.014637904468412954,0.8958810068649886,0.1254149000160396,2.1451000357046723,3.3289999701082706,0,0,0,none,1,,0.6.1,1.5.2,german_extended_30seeds
german,rf,reweighing,1024,1024,1024,age,[{'age': 1.0}],[{'age': 0.0}],600,200,200,0.74,0.832258064516129,-0.07472384665367116,0.03929121725731899,0.9135338345864662,0.10392990009859204,2.0029499428346753,3.2723998883739114,6,0,0,preprocessing,2,,0.6.1,1.5.2,german_extended_30seeds
german,rf,dir,1024,1024,1024,age,[{'age': 1.0}],[{'age': 0.0}],600,200,200,0.775,0.8543689320388349,-0.10103963612735534,0.013867488443759624,0.8830827067669174,0.11939330003224313,3.0315499752759933,8.188549894839525,24,1,2,preprocessing,3,"repair_level=1.0,n_quantiles=101,train_only_fit=True",0.6.1,1.5.2,german_extended_30seeds
german,rf,eqodds,1024,1024,1024,age,[{'age': 1.0}],[{'age': 0.0}],600,200,200,0.75,0.8366013071895425,-0.115009746588694,-0.06009244992295837,0.8649885583524027,0.12888519978150725,2.4217001628130674,5.544550018385053,22,0,0,postprocessing,3,fit_on=validation,0.6.1,1.5.2,german_extended_30seeds
german,lr,baseline,2048,2048,2048,age,[{'age': 1.0}],[{'age': 0.0}],600,200,200,0.73,0.8163265306122449,-0.26835607537361916,-0.2619414483821264,0.6731301939058173,0.00674730003811419,0.04850002005696297,0.15450012870132923,0,0,0,none,1,,0.6.1,1.5.2,german_extended_30seeds
german,lr,reweighing,2048,2048,2048,age,[{'age': 1.0}],[{'age': 0.0}],600,200,200,0.725,0.8135593220338984,-0.14457439896036384,-0.15408320493066252,0.819838056680162,0.00837099994532764,0.06144994404166937,0.19094988238066435,6,0,0,preprocessing,2,,0.6.1,1.5.2,german_extended_30seeds
german,lr,dir,2048,2048,2048,age,[{'age': 1.0}],[{'age': 0.0}],600,200,200,0.7,0.7972972972972973,-0.345679012345679,-0.35285053929121735,0.5912408759124088,0.030691200168803334,1.6344999894499779,3.0956498812884092,24,1,2,preprocessing,3,"repair_level=1.0,n_quantiles=101,train_only_fit=True",0.6.1,1.5.2,german_extended_30seeds
german,lr,eqodds,2048,2048,2048,age,[{'age': 1.0}],[{'age': 0.0}],600,200,200,0.7,0.7902097902097902,-0.12150747238466542,-0.09476117103235748,0.8386540120793787,0.011546499794349074,0.18284993711858988,0.4035501042380929,22,0,0,postprocessing,3,fit_on=validation,0.6.1,1.5.2,german_extended_30seeds
german,rf,baseline,2048,2048,2048,age,[{'age': 1.0}],[{'age': 0.0}],600,200,200,0.755,0.8434504792332268,-0.15821962313190385,-0.14791987673343598,0.8232304900181487,0.2253773999400437,2.28749995585531,3.55665001552552,0,0,0,none,1,,0.6.1,1.5.2,german_extended_30seeds
german,rf,reweighing,2048,2048,2048,age,[{'age': 1.0}],[{'age': 0.0}],600,200,200,0.755,0.8454258675078864,-0.052956465237167016,-0.11093990755007699,0.9408348457350272,0.09651640010997653,2.1742000244557858,3.461150103248656,6,0,0,preprocessing,2,,0.6.1,1.5.2,german_extended_30seeds
german,rf,dir,2048,2048,2048,age,[{'age': 1.0}],[{'age': 0.0}],600,200,200,0.76,0.8481012658227848,-0.24171539961013644,-0.2727272727272727,0.7389473684210527,0.11042170017026365,3.5605999873951077,8.452950045466423,24,1,2,preprocessing,3,"repair_level=1.0,n_quantiles=101,train_only_fit=True",0.6.1,1.5.2,german_extended_30seeds
german,rf,eqodds,2048,2048,2048,age,[{'age': 1.0}],[{'age': 0.0}],600,200,200,0.68,0.7746478873239436,0.02079272254710851,0.03852080123266566,1.029038112522686,0.14572669961489737,2.898650011047721,5.063449963927269,22,0,0,postprocessing,3,fit_on=validation,0.6.1,1.5.2,german_extended_30seeds
german,lr,baseline,4096,4096,4096,age,[{'age': 1.0}],[{'age': 0.0}],600,200,200,0.755,0.8316151202749141,-0.28232618583495783,-0.16255778120184894,0.650863800723182,0.007116000168025494,0.0442001037299633,0.16639998648315668,0,0,0,none,1,,0.6.1,1.5.2,german_extended_30seeds
german,lr,reweighing,4096,4096,4096,age,[{'age': 1.0}],[{'age': 0.0}],600,200,200,0.73,0.8137931034482758,-0.17868745938921382,-0.08320493066255785,0.7720679651885619,0.0053830998949706554,0.04859990440309048,0.14305009972304106,6,0,0,preprocessing,2,,0.6.1,1.5.2,german_extended_30seeds
german,lr,dir,4096,4096,4096,age,[{'age': 1.0}],[{'age': 0.0}],600,200,200,0.725,0.8096885813148789,-0.1400259909031839,-0.02080123266563938,0.8185263157894737,0.02067300002090633,1.3572999741882086,3.493149997666478,24,1,2,preprocessing,3,"repair_level=1.0,n_quantiles=101,train_only_fit=True",0.6.1,1.5.2,german_extended_30seeds
german,lr,eqodds,4096,4096,4096,age,[{'age': 1.0}],[{'age': 0.0}],600,200,200,0.69,0.7720588235294118,-0.06757634827810266,0.026964560862865916,0.8995654273297924,0.008722200058400631,0.1253499649465084,0.31670008320361376,22,0,0,postprocessing,3,fit_on=validation,0.6.1,1.5.2,german_extended_30seeds
german,rf,baseline,4096,4096,4096,age,[{'age': 1.0}],[{'age': 0.0}],600,200,200,0.755,0.835016835016835,-0.15692007797270946,-0.026194144838212585,0.8074162679425838,0.13434140011668205,3.2740498427301645,3.850349923595786,0,0,0,none,1,,0.6.1,1.5.2,german_extended_30seeds
german,rf,reweighing,4096,4096,4096,age,[{'age': 1.0}],[{'age': 0.0}],600,200,200,0.785,0.8561872909698997,-0.13677712800519815,-0.006163328197226536,0.8333992876929165,0.2007521998602897,2.4370999308303,4.676650045439601,6,0,0,preprocessing,2,,0.6.1,1.5.2,german_extended_30seeds
german,rf,dir,4096,4096,4096,age,[{'age': 1.0}],[{'age': 0.0}],600,200,200,0.755,0.839344262295082,-0.1413255360623782,-0.006163328197226536,0.8340961098398169,0.16205259994603693,3.7916998844593763,7.917850045487285,24,1,2,preprocessing,3,"repair_level=1.0,n_quantiles=101,train_only_fit=True",0.6.1,1.5.2,german_extended_30seeds
german,rf,eqodds,4096,4096,4096,age,[{'age': 1.0}],[{'age': 0.0}],600,200,200,0.655,0.7628865979381443,-0.11988304093567248,0.08397534668721107,0.8458646616541354,0.1348353000357747,5.476399906910956,6.988750072196126,22,0,0,postprocessing,3,fit_on=validation,0.6.1,1.5.2,german_extended_30seeds
german,lr,baseline,8192,8192,8192,age,[{'age': 1.0}],[{'age': 0.0}],600,200,200,0.71,0.8040540540540541,0.044184535412605586,0.016178736517719616,1.057263157894737,0.006223200121894479,0.09155005682259798,0.24275004398077726,0,0,0,none,1,,0.6.1,1.5.2,german_extended_30seeds
german,lr,reweighing,8192,8192,8192,age,[{'age': 1.0}],[{'age': 0.0}],600,200,200,0.695,0.7918088737201365,0.12768031189083828,0.0955315870570107,1.1723684210526317,0.005591699853539467,0.09430013597011566,0.24489988572895527,6,0,0,preprocessing,2,,0.6.1,1.5.2,german_extended_30seeds
german,lr,dir,8192,8192,8192,age,[{'age': 1.0}],[{'age': 0.0}],600,200,200,0.715,0.8054607508532423,0.030214424951267027,0.024653312788906034,1.0397946084724006,0.06161519978195429,1.988900126889348,3.1182500533759594,24,1,2,preprocessing,3,"repair_level=1.0,n_quantiles=101,train_only_fit=True",0.6.1,1.5.2,german_extended_30seeds
german,lr,eqodds,8192,8192,8192,age,[{'age': 1.0}],[{'age': 0.0}],600,200,200,0.63,0.7357142857142858,0.142949967511371,0.15177195685670264,1.2124577498792855,0.01438200008124113,0.2140500582754612,0.39344991091638803,22,0,0,postprocessing,3,fit_on=validation,0.6.1,1.5.2,german_extended_30seeds
german,rf,baseline,8192,8192,8192,age,[{'age': 1.0}],[{'age': 0.0}],600,200,200,0.725,0.8220064724919094,0.028914879792072856,0.0023112480739598817,1.0344427244582044,0.21256190002895892,4.8453499330207705,6.4923500176519156,0,0,0,none,1,,0.6.1,1.5.2,german_extended_30seeds
german,rf,reweighing,8192,8192,8192,age,[{'age': 1.0}],[{'age': 0.0}],600,200,200,0.735,0.8262295081967214,0.08609486679662115,0.06471494607087835,1.1064684612294093,0.20135320001281798,2.5515001034364104,3.683350048959255,6,0,0,preprocessing,2,,0.6.1,1.5.2,german_extended_30seeds
german,rf,dir,8192,8192,8192,age,[{'age': 1.0}],[{'age': 0.0}],600,200,200,0.74,0.8289473684210527,-0.037686809616634176,-0.04314329738058553,0.9544383346425765,0.143649100093171,3.372150124050677,6.070549949072301,24,1,2,preprocessing,3,"repair_level=1.0,n_quantiles=101,train_only_fit=True",0.6.1,1.5.2,german_extended_30seeds
german,rf,eqodds,8192,8192,8192,age,[{'age': 1.0}],[{'age': 0.0}],600,200,200,0.64,0.7534246575342466,0.13385315139701104,0.14637904468412943,1.1822202565236621,0.13088100007735193,2.3263500770553946,4.119049990549684,22,0,0,postprocessing,3,fit_on=validation,0.6.1,1.5.2,german_extended_30seeds
german,lr,baseline,16384,16384,16384,age,[{'age': 1.0}],[{'age': 0.0}],600,200,200,0.79,0.8551724137931035,-0.14619883040935677,-0.13405238828967647,0.8120300751879699,0.003851500106975436,0.04549999721348286,0.10770000517368317,0,0,0,none,1,,0.6.1,1.5.2,german_extended_30seeds
german,lr,reweighing,16384,16384,16384,age,[{'age': 1.0}],[{'age': 0.0}],600,200,200,0.765,0.8395904436860068,0.06270305393112408,-0.017719568567026167,1.0832614322691976,0.004030900076031685,0.04630000330507755,0.11139991693198681,6,0,0,preprocessing,2,,0.6.1,1.5.2,german_extended_30seeds
german,lr,dir,16384,16384,16384,age,[{'age': 1.0}],[{'age': 0.0}],600,200,200,0.76,0.8356164383561644,-0.2235217673814165,-0.2249614791987674,0.7214574898785425,0.019570999778807163,1.0862000053748488,2.6456500636413693,24,1,2,preprocessing,3,"repair_level=1.0,n_quantiles=101,train_only_fit=True",0.6.1,1.5.2,german_extended_30seeds
german,lr,eqodds,16384,16384,16384,age,[{'age': 1.0}],[{'age': 0.0}],600,200,200,0.605,0.6973180076628352,0.03281351526965559,0.1456086286594761,1.0548019533369506,0.005536099895834923,0.12909993529319763,0.2831999445334077,22,0,0,postprocessing,3,fit_on=validation,0.6.1,1.5.2,german_extended_30seeds
german,rf,baseline,16384,16384,16384,age,[{'age': 1.0}],[{'age': 0.0}],600,200,200,0.765,0.8459016393442623,-0.07634827810266398,-0.12249614791987673,0.9090557275541796,0.21146220015361905,4.291950026527047,8.454100112430751,0,0,0,none,1,,0.6.1,1.5.2,german_extended_30seeds
german,rf,reweighing,16384,16384,16384,age,[{'age': 1.0}],[{'age': 0.0}],600,200,200,0.755,0.8403908794788274,-0.08869395711500971,-0.12249614791987673,0.8958810068649886,0.20343400002457201,2.9716501012444496,5.506850080564618,6,0,0,preprocessing,2,,0.6.1,1.5.2,german_extended_30seeds
german,rf,dir,16384,16384,16384,age,[{'age': 1.0}],[{'age': 0.0}],600,200,200,0.77,0.847682119205298,-0.09031838856400265,-0.006163328197226536,0.8908091123330715,0.15241479990072548,5.001100013032556,6.357999984174967,24,1,2,preprocessing,3,"repair_level=1.0,n_quantiles=101,train_only_fit=True",0.6.1,1.5.2,german_extended_30seeds
german,rf,eqodds,16384,16384,16384,age,[{'age': 1.0}],[{'age': 0.0}],600,200,200,0.765,0.8459016393442623,-0.07634827810266398,-0.12249614791987673,0.9090557275541796,0.12560429982841015,3.755250130780041,5.865350016392767,22,0,0,postprocessing,3,fit_on=validation,0.6.1,1.5.2,german_extended_30seeds
german,lr,baseline,32768,32768,32768,age,[{'age': 1.0}],[{'age': 0.0}],600,200,200,0.755,0.8338983050847457,-0.07959714100064974,-0.12557781201849005,0.8992598684210527,0.004415600094944239,0.061700004152953625,0.18124992493540049,0,0,0,none,1,,0.6.1,1.5.2,german_extended_30seeds
german,lr,reweighing,32768,32768,32768,age,[{'age': 1.0}],[{'age': 0.0}],600,200,200,0.77,0.8456375838926175,0.0643274853801169,0.06471494607087835,1.0827067669172932,0.0054737001191824675,0.060449936427176,0.12545008212327957,6,0,0,preprocessing,2,,0.6.1,1.5.2,german_extended_30seeds
german,lr,dir,32768,32768,32768,age,[{'age': 1.0}],[{'age': 0.0}],600,200,200,0.745,0.8282828282828283,-0.09194282001299547,-0.17950693374422189,0.8854251012145749,0.02746010012924671,1.6187999863177538,3.2358499011024833,24,1,2,preprocessing,3,"repair_level=1.0,n_quantiles=101,train_only_fit=True",0.6.1,1.5.2,german_extended_30seeds
german,lr,eqodds,32768,32768,32768,age,[{'age': 1.0}],[{'age': 0.0}],600,200,200,0.455,0.4630541871921182,-0.03151397011046131,-0.12865947611710324,0.9018218623481782,0.008579500019550323,0.12425007298588753,0.32554997596889734,22,0,0,postprocessing,3,fit_on=validation,0.6.1,1.5.2,german_extended_30seeds
german,rf,baseline,32768,32768,32768,age,[{'age': 1.0}],[{'age': 0.0}],600,200,200,0.76,0.8410596026490066,-0.025341130604288442,0.0023112480739598817,0.9688995215311006,0.10849709995090961,2.7459999546408653,7.077299989759922,0,0,0,none,1,,0.6.1,1.5.2,german_extended_30seeds
german,rf,reweighing,32768,32768,32768,age,[{'age': 1.0}],[{'age': 0.0}],600,200,200,0.745,0.8349514563106796,0.028914879792072856,-0.014637904468412954,1.0344427244582044,0.16835909988731146,2.100900048390031,3.7154998863115907,6,0,0,preprocessing,2,,0.6.1,1.5.2,german_extended_30seeds
german,rf,dir,32768,32768,32768,age,[{'age': 1.0}],[{'age': 0.0}],600,200,200,0.77,0.8486842105263158,-0.037686809616634176,-0.06856702619414479,0.9544383346425765,0.12620060006156564,3.0336499912664294,5.409150035120547,24,1,2,preprocessing,3,"repair_level=1.0,n_quantiles=101,train_only_fit=True",0.6.1,1.5.2,german_extended_30seeds
german,rf,eqodds,32768,32768,32768,age,[{'age': 1.0}],[{'age': 0.0}],600,200,200,0.655,0.7578947368421053,0.07959714100064974,0.16332819722650227,1.1121281464530892,0.10252059972845018,2.0772499265149236,3.6094499519094825,22,0,0,postprocessing,3,fit_on=validation,0.6.1,1.5.2,german_extended_30seeds
german,lr,baseline,65537,65537,65537,age,[{'age': 1.0}],[{'age': 0.0}],600,200,200,0.75,0.823943661971831,-0.20662768031189083,-0.23651771956856704,0.7278562259306803,0.008327700197696686,0.04789989907294512,0.15030009672045708,0,0,0,none,1,,0.6.1,1.5.2,german_extended_30seeds
german,lr,reweighing,65537,65537,65537,age,[{'age': 1.0}],[{'age': 0.0}],600,200,200,0.73,0.8125,-0.036387264457439894,-0.1825885978428352,0.9512831665941713,0.0049403999000787735,0.04369998350739479,0.09854999370872974,6,0,0,preprocessing,2,,0.6.1,1.5.2,german_extended_30seeds
german,lr,dir,65537,65537,65537,age,[{'age': 1.0}],[{'age': 0.0}],600,200,200,0.73,0.8098591549295775,-0.14165042235217673,-0.27349768875192604,0.8103523270987386,0.02014410006813705,0.9916999842971563,2.27170018479228,24,1,2,preprocessing,3,"repair_level=1.0,n_quantiles=101,train_only_fit=True",0.6.1,1.5.2,german_extended_30seeds
german,lr,eqodds,65537,65537,65537,age,[{'age': 1.0}],[{'age': 0.0}],600,200,200,0.725,0.8028673835125448,-0.1757634827810266,-0.19414483821263484,0.7586975914362177,0.007852300070226192,0.11110003106296062,0.23950007744133472,22,0,0,postprocessing,3,fit_on=validation,0.6.1,1.5.2,german_extended_30seeds
german,rf,baseline,65537,65537,65537,age,[{'age': 1.0}],[{'age': 0.0}],600,200,200,0.765,0.8459016393442623,-0.20630279402209217,-0.2303543913713405,0.7612781954887219,0.09690129989758134,2.0336000015959144,3.5822000354528427,0,0,0,none,1,,0.6.1,1.5.2,german_extended_30seeds
german,rf,reweighing,65537,65537,65537,age,[{'age': 1.0}],[{'age': 0.0}],600,200,200,0.775,0.8514851485148515,-0.06400259909031836,-0.12249614791987673,0.9226237234878241,0.10370080010034144,2.049849950708449,3.46389994956553,6,0,0,preprocessing,2,,0.6.1,1.5.2,german_extended_30seeds
german,rf,dir,65537,65537,65537,age,[{'age': 1.0}],[{'age': 0.0}],600,200,200,0.725,0.8184818481848185,-0.25893437296946065,-0.40369799691833597,0.7003759398496241,0.12728410004638135,2.905450062826276,6.978599936701357,24,1,2,preprocessing,3,"repair_level=1.0,n_quantiles=101,train_only_fit=True",0.6.1,1.5.2,german_extended_30seeds
german,rf,eqodds,65537,65537,65537,age,[{'age': 1.0}],[{'age': 0.0}],600,200,200,0.74,0.8243243243243243,-0.08576998050682261,-0.11710323574730352,0.8922888616891065,0.1661080999765545,2.4578000884503126,3.954150015488267,22,0,0,postprocessing,3,fit_on=validation,0.6.1,1.5.2,german_extended_30seeds
german,lr,baseline,131072,131072,131072,age,[{'age': 1.0}],[{'age': 0.0}],600,200,200,0.795,0.8591065292096219,-0.11988304093567248,0.01926040061633283,0.8458646616541354,0.00412019994109869,0.04329998046159744,0.12479990255087614,0,0,0,none,1,,0.6.1,1.5.2,german_extended_30seeds
german,lr,reweighing,131072,131072,131072,age,[{'age': 1.0}],[{'age': 0.0}],600,200,200,0.77,0.8435374149659864,-0.008447043534762777,0.027734976887519247,0.9890526315789474,0.004423300037160516,0.04349998198449612,0.10065000969916582,6,0,0,preprocessing,2,,0.6.1,1.5.2,german_extended_30seeds
german,lr,dir,131072,131072,131072,age,[{'age': 1.0}],[{'age': 0.0}],600,200,200,0.76,0.8356164383561644,-0.028589993502274202,-0.06317411402157158,0.9626485568760611,0.025406799744814634,0.962449936196208,2.3557499516755342,24,1,2,preprocessing,3,"repair_level=1.0,n_quantiles=101,train_only_fit=True",0.6.1,1.5.2,german_extended_30seeds
german,lr,eqodds,131072,131072,131072,age,[{'age': 1.0}],[{'age': 0.0}],600,200,200,0.735,0.8072727272727273,-0.021117608836907054,0.1379044684129429,0.9688995215311005,0.0056352997198700905,0.13139995280653238,0.26109989266842604,22,0,0,postprocessing,3,fit_on=validation,0.6.1,1.5.2,german_extended_30seeds
german,rf,baseline,131072,131072,131072,age,[{'age': 1.0}],[{'age': 0.0}],600,200,200,0.785,0.8561872909698997,-0.07179987004548416,-0.006163328197226536,0.9112093210124547,0.1195930999238044,2.041650004684925,5.206250003539026,0,0,0,none,1,,0.6.1,1.5.2,german_extended_30seeds
german,rf,reweighing,131072,131072,131072,age,[{'age': 1.0}],[{'age': 0.0}],600,200,200,0.795,0.8655737704918033,-0.07634827810266398,-0.04006163328197232,0.9090557275541796,0.12198229995556176,2.365550142712891,3.860750002786517,6,0,0,preprocessing,2,,0.6.1,1.5.2,german_extended_30seeds
german,rf,dir,131072,131072,131072,age,[{'age': 1.0}],[{'age': 0.0}],600,200,200,0.77,0.8486842105263158,-0.07017543859649122,-0.12249614791987673,0.9157894736842105,0.15410739998333156,3.318549948744476,8.337050094269216,24,1,2,preprocessing,3,"repair_level=1.0,n_quantiles=101,train_only_fit=True",0.6.1,1.5.2,german_extended_30seeds
german,rf,eqodds,131072,131072,131072,age,[{'age': 1.0}],[{'age': 0.0}],600,200,200,0.73,0.815068493150685,-0.028589993502274202,0.07010785824345145,0.9626485568760611,0.11860339972190559,2.444949932396412,4.590800032019615,22,0,0,postprocessing,3,fit_on=validation,0.6.1,1.5.2,german_extended_30seeds
german,lr,baseline,262144,262144,262144,age,[{'age': 1.0}],[{'age': 0.0}],600,200,200,0.73,0.8071428571428572,-0.24691358024691357,-0.20261941448382126,0.6694214876033058,0.005406299838796258,0.045900000259280205,0.14860008377581835,0,0,0,none,1,,0.6.1,1.5.2,german_extended_30seeds
german,lr,reweighing,262144,262144,262144,age,[{'age': 1.0}],[{'age': 0.0}],600,200,200,0.715,0.7985865724381626,-0.07050032488628977,-0.04083204930662565,0.9032114183764497,0.0076293000020086765,0.05324999801814556,0.17829996068030596,6,0,0,preprocessing,2,,0.6.1,1.5.2,german_extended_30seeds
german,lr,dir,262144,262144,262144,age,[{'age': 1.0}],[{'age': 0.0}],600,200,200,0.725,0.8070175438596491,-0.2777777777777778,-0.2195685670261942,0.6428571428571428,0.02263999986462295,0.9791500633582473,2.2684000432491302,24,1,2,preprocessing,3,"repair_level=1.0,n_quantiles=101,train_only_fit=True",0.6.1,1.5.2,german_extended_30seeds
german,lr,eqodds,262144,262144,262144,age,[{'age': 1.0}],[{'age': 0.0}],600,200,200,0.655,0.7453874538745388,-0.191358024691358,-0.10092449922958402,0.7232142857142858,0.006512499880045652,0.11244998313486576,0.24335004854947329,22,0,0,postprocessing,3,fit_on=validation,0.6.1,1.5.2,german_extended_30seeds
german,rf,baseline,262144,262144,262144,age,[{'age': 1.0}],[{'age': 0.0}],600,200,200,0.755,0.8372093023255814,-0.14912280701754388,-0.04314329738058553,0.8210526315789474,0.09570569987408817,1.9697999814525247,3.3447499154135585,0,0,0,none,1,,0.6.1,1.5.2,german_extended_30seeds
german,rf,reweighing,262144,262144,262144,age,[{'age': 1.0}],[{'age': 0.0}],600,200,200,0.745,0.8294314381270903,-0.13677712800519815,-0.08012326656394453,0.8333992876929165,0.09766920004040003,1.9765498582273722,3.8972001057118177,6,0,0,preprocessing,2,,0.6.1,1.5.2,german_extended_30seeds
german,rf,dir,262144,262144,262144,age,[{'age': 1.0}],[{'age': 0.0}],600,200,200,0.76,0.84,-0.2079272254710851,-0.09707241910631736,0.7523219814241486,0.13379029999487102,2.913899952545762,5.349950050003827,24,1,2,preprocessing,3,"repair_level=1.0,n_quantiles=101,train_only_fit=True",0.6.1,1.5.2,german_extended_30seeds
german,rf,eqodds,262144,262144,262144,age,[{'age': 1.0}],[{'age': 0.0}],600,200,200,0.745,0.8316831683168316,-0.09649122807017552,-0.04314329738058553,0.8842105263157893,0.09965129964984953,2.0453999750316143,3.6422499688342214,22,0,0,postprocessing,3,fit_on=validation,0.6.1,1.5.2,german_extended_30seeds
german,lr,baseline,524288,524288,524288,age,[{'age': 1.0}],[{'age': 0.0}],600,200,200,0.81,0.8716216216216216,-0.2807017543859649,-0.12249614791987673,0.6631578947368422,0.004939900012686849,0.04939991049468517,0.1512001035735011,0,0,0,none,1,,0.6.1,1.5.2,german_extended_30seeds
german,lr,reweighing,524288,524288,524288,age,[{'age': 1.0}],[{'age': 0.0}],600,200,200,0.81,0.8707482993197279,-0.10591293047433392,0.04776579352850541,0.8659539473684211,0.004554299870505929,0.04810001701116562,0.1735000405460596,6,0,0,preprocessing,2,,0.6.1,1.5.2,german_extended_30seeds
german,lr,dir,524288,524288,524288,age,[{'age': 1.0}],[{'age': 0.0}],600,200,200,0.79,0.8581081081081081,-0.31319038336582194,-0.21340523882896767,0.6269349845201239,0.02528059994801879,0.982399913482368,2.210250007919967,24,1,2,preprocessing,3,"repair_level=1.0,n_quantiles=101,train_only_fit=True",0.6.1,1.5.2,german_extended_30seeds
german,lr,eqodds,524288,524288,524288,age,[{'age': 1.0}],[{'age': 0.0}],600,200,200,0.65,0.7286821705426356,0.05133203378817408,0.22804314329738062,1.0884658454647256,0.005402500042691827,0.11150003410875797,0.235849991440773,22,0,0,postprocessing,3,fit_on=validation,0.6.1,1.5.2,german_extended_30seeds
german,rf,baseline,524288,524288,524288,age,[{'age': 1.0}],[{'age': 0.0}],600,200,200,0.77,0.8496732026143791,-0.179987004548408,-0.07704160246533132,0.7917293233082707,0.09645659988746047,1.982149900868535,3.438649931922555,0,0,0,none,1,,0.6.1,1.5.2,german_extended_30seeds
german,rf,reweighing,524288,524288,524288,age,[{'age': 1.0}],[{'age': 0.0}],600,200,200,0.78,0.8552631578947368,-0.16764132553606237,-0.07704160246533132,0.8032036613272311,0.10670550004579127,2.009649993851781,3.451199969276786,6,0,0,preprocessing,2,,0.6.1,1.5.2,german_extended_30seeds
german,rf,dir,524288,524288,524288,age,[{'age': 1.0}],[{'age': 0.0}],600,200,200,0.755,0.8382838283828383,-0.2914230019493177,-0.21340523882896767,0.6651735722284435,0.11951559991575778,2.9059500666335225,5.800300044938922,24,1,2,preprocessing,3,"repair_level=1.0,n_quantiles=101,train_only_fit=True",0.6.1,1.5.2,german_extended_30seeds
german,rf,eqodds,524288,524288,524288,age,[{'age': 1.0}],[{'age': 0.0}],600,200,200,0.775,0.8534201954397395,-0.1536712150747238,-0.0315870570107859,0.8221804511278196,0.10321499989368021,2.0574999507516623,3.5518499789759517,22,0,0,postprocessing,3,fit_on=validation,0.6.1,1.5.2,german_extended_30seeds
german,lr,baseline,1048576,1048576,1048576,age,[{'age': 1.0}],[{'age': 0.0}],600,200,200,0.68,0.7837837837837838,-0.11825860948667966,-0.12018489984591674,0.8526315789473684,0.004497499903663993,0.04369998350739479,0.15790003817528486,0,0,0,none,1,,0.6.1,1.5.2,german_extended_30seeds
german,lr,reweighing,1048576,1048576,1048576,age,[{'age': 1.0}],[{'age': 0.0}],600,200,200,0.685,0.7878787878787878,0.03801169590643272,0.08705701078582428,1.0488721804511278,0.003887399798259139,0.043800100684165955,0.1674499362707138,6,0,0,preprocessing,2,,0.6.1,1.5.2,german_extended_30seeds
german,lr,dir,1048576,1048576,1048576,age,[{'age': 1.0}],[{'age': 0.0}],600,200,200,0.705,0.8039867109634552,-0.14912280701754388,-0.05469953775038516,0.8210526315789474,0.019358000019565225,0.9732500184327364,2.1965999621897936,24,1,2,preprocessing,3,"repair_level=1.0,n_quantiles=101,train_only_fit=True",0.6.1,1.5.2,german_extended_30seeds
german,lr,eqodds,1048576,1048576,1048576,age,[{'age': 1.0}],[{'age': 0.0}],600,200,200,0.61,0.7089552238805971,0.05458089668615984,0.05778120184899849,1.0866873065015479,0.006937199970707297,0.11180015280842781,0.27944997418671846,22,0,0,postprocessing,3,fit_on=validation,0.6.1,1.5.2,german_extended_30seeds
german,rf,baseline,1048576,1048576,1048576,age,[{'age': 1.0}],[{'age': 0.0}],600,200,200,0.715,0.8143322475570033,-0.023716699155295617,-0.034668721109399114,0.971749226006192,0.11010299995541573,2.0656000124290586,3.657699911855161,0,0,0,none,1,,0.6.1,1.5.2,german_extended_30seeds
german,rf,reweighing,1048576,1048576,1048576,age,[{'age': 1.0}],[{'age': 0.0}],600,200,200,0.735,0.8273615635179153,-0.023716699155295617,0.056240369799691825,0.971749226006192,0.12661430006846786,1.975049963220954,3.293600049801171,6,0,0,preprocessing,2,,0.6.1,1.5.2,german_extended_30seeds
german,rf,dir,1048576,1048576,1048576,age,[{'age': 1.0}],[{'age': 0.0}],600,200,200,0.705,0.8052805280528053,-0.19395711500974655,-0.2249614791987674,0.7723112128146453,0.11016200017184019,3.107900032773614,5.5628998670727015,24,1,2,preprocessing,3,"repair_level=1.0,n_quantiles=101,train_only_fit=True",0.6.1,1.5.2,german_extended_30seeds
german,rf,eqodds,1048576,1048576,1048576,age,[{'age': 1.0}],[{'age': 0.0}],600,200,200,0.655,0.7722772277227723,0.0009746588693957392,0.03312788906009245,1.0011961722488039,0.09830690012313426,2.0858999341726303,5.247150082141161,22,0,0,postprocessing,3,fit_on=validation,0.6.1,1.5.2,german_extended_30seeds
german,lr,baseline,2097152,2097152,2097152,age,[{'age': 1.0}],[{'age': 0.0}],600,200,200,0.715,0.8054607508532423,-0.09974009096816117,-0.08320493066255785,0.8727724823870701,0.004517000168561935,0.04349998198449612,0.10199984535574913,0,0,0,none,1,,0.6.1,1.5.2,german_extended_30seeds
german,lr,reweighing,2097152,2097152,2097152,age,[{'age': 1.0}],[{'age': 0.0}],600,200,200,0.71,0.8013698630136986,0.036387264457439894,0.03312788906009245,1.0483175150992234,0.0038520998787134886,0.045000109821558,0.09395007509738207,6,0,0,preprocessing,2,,0.6.1,1.5.2,german_extended_30seeds
german,lr,dir,2097152,2097152,2097152,age,[{'age': 1.0}],[{'age': 0.0}],600,200,200,0.735,0.822742474916388,-0.20175438596491235,-0.23343605546995383,0.7578947368421052,0.021108200075104833,0.9647499537095428,2.1892499644309282,24,1,2,preprocessing,3,"repair_level=1.0,n_quantiles=101,train_only_fit=True",0.6.1,1.5.2,german_extended_30seeds
german,lr,eqodds,2097152,2097152,2097152,age,[{'age': 1.0}],[{'age': 0.0}],600,200,200,0.65,0.7482014388489209,-0.007147498375568495,0.035439137134052334,0.9896616541353385,0.00600850023329258,0.1121999230235815,0.23769994731992483,22,0,0,postprocessing,3,fit_on=validation,0.6.1,1.5.2,german_extended_30seeds
german,rf,baseline,2097152,2097152,2097152,age,[{'age': 1.0}],[{'age': 0.0}],600,200,200,0.775,0.8571428571428571,-0.008122157244964234,-0.01155624036979963,0.9907338769458859,0.10158749995753169,1.9626000430434942,3.437550039961934,0,0,0,none,1,,0.6.1,1.5.2,german_extended_30seeds
german,rf,reweighing,2097152,2097152,2097152,age,[{'age': 1.0}],[{'age': 0.0}],600,200,200,0.755,0.842443729903537,-0.015919428200130037,-0.0315870570107859,0.9814464218099204,0.11711789993569255,2.1493000676855445,3.6440498661249876,6,0,0,preprocessing,2,,0.6.1,1.5.2,german_extended_30seeds
german,rf,dir,2097152,2097152,2097152,age,[{'age': 1.0}],[{'age': 0.0}],600,200,200,0.78,0.8580645161290322,-0.13970110461338536,-0.10246533127889057,0.8406226834692364,0.10994480014778674,3.1177500495687127,6.015599938109517,24,1,2,preprocessing,3,"repair_level=1.0,n_quantiles=101,train_only_fit=True",0.6.1,1.5.2,german_extended_30seeds
german,rf,eqodds,2097152,2097152,2097152,age,[{'age': 1.0}],[{'age': 0.0}],600,200,200,0.745,0.8305647840531561,0.07829759584145557,0.07318952234206477,1.0990953947368423,0.1136525000911206,2.3652500240132213,3.5349001409485936,22,0,0,postprocessing,3,fit_on=validation,0.6.1,1.5.2,german_extended_30seeds
german,lr,baseline,4194304,4194304,4194304,age,[{'age': 1.0}],[{'age': 0.0}],600,200,200,0.74,0.8169014084507042,-0.17413905133203378,-0.12018489984591674,0.7687661777394306,0.005173499928787351,0.04350021481513977,0.09850005153566599,0,0,0,none,1,,0.6.1,1.5.2,german_extended_30seeds
german,lr,reweighing,4194304,4194304,4194304,age,[{'age': 1.0}],[{'age': 0.0}],600,200,200,0.715,0.8,0.014619883040935644,-0.04930662557781207,1.020242914979757,0.004302800167351961,0.04339986480772495,0.11495000217109919,6,0,0,preprocessing,2,,0.6.1,1.5.2,german_extended_30seeds
german,lr,dir,4194304,4194304,4194304,age,[{'age': 1.0}],[{'age': 0.0}],600,200,200,0.73,0.8111888111888111,-0.08901884340480826,-0.12018489984591674,0.8808177468464551,0.028273700270801783,1.4058001106604934,3.2257999991998076,24,1,2,preprocessing,3,"repair_level=1.0,n_quantiles=101,train_only_fit=True",0.6.1,1.5.2,german_extended_30seeds
german,lr,eqodds,4194304,4194304,4194304,age,[{'age': 1.0}],[{'age': 0.0}],600,200,200,0.715,0.8013937282229965,-0.030214424951267027,-0.05778120184899849,0.9592105263157895,0.014480899786576629,0.1898000482469797,0.4657000536099076,22,0,0,postprocessing,3,fit_on=validation,0.6.1,1.5.2,german_extended_30seeds
german,rf,baseline,4194304,4194304,4194304,age,[{'age': 1.0}],[{'age': 0.0}],600,200,200,0.745,0.8327868852459016,-0.011371020142949995,-0.10554699537750378,0.9862529457973291,0.1447596000507474,2.6910000015050173,11.570250033400953,0,0,0,none,1,,0.6.1,1.5.2,german_extended_30seeds
german,rf,reweighing,4194304,4194304,4194304,age,[{'age': 1.0}],[{'age': 0.0}],600,200,200,0.755,0.8361204013377926,-0.07179987004548416,-0.19645608628659472,0.9112093210124547,0.1956310998648405,3.5657499684020877,4.038400016725063,6,0,0,preprocessing,2,,0.6.1,1.5.2,german_extended_30seeds
german,rf,dir,4194304,4194304,4194304,age,[{'age': 1.0}],[{'age': 0.0}],600,200,200,0.715,0.8093645484949833,-0.26673164392462634,-0.32434514637904466,0.6845946984248944,0.12911069998517632,2.965099993161857,6.051099975593388,24,1,2,preprocessing,3,"repair_level=1.0,n_quantiles=101,train_only_fit=True",0.6.1,1.5.2,german_extended_30seeds
german,rf,eqodds,4194304,4194304,4194304,age,[{'age': 1.0}],[{'age': 0.0}],600,200,200,0.74,0.8300653594771242,0.014944769330734187,-0.10554699537750378,1.0180675569520816,0.10499169980175793,2.0512499613687396,3.526299959048629,22,0,0,postprocessing,3,fit_on=validation,0.6.1,1.5.2,german_extended_30seeds
german,lr,baseline,8388608,8388608,8388608,age,[{'age': 1.0}],[{'age': 0.0}],600,200,200,0.73,0.8111888111888111,-0.05653021442495121,-0.012326656394452962,0.9236842105263159,0.006090100156143308,0.04369998350739479,0.11144997552037239,0,0,0,none,1,,0.6.1,1.5.2,german_extended_30seeds
german,lr,reweighing,8388608,8388608,8388608,age,[{'age': 1.0}],[{'age': 0.0}],600,200,200,0.73,0.8125,0.06107862248213125,0.03312788906009245,1.0838537020517396,0.005048099905252457,0.04339986480772495,0.13335002586245537,6,0,0,preprocessing,2,,0.6.1,1.5.2,german_extended_30seeds
german,lr,dir,8388608,8388608,8388608,age,[{'age': 1.0}],[{'age': 0.0}],600,200,200,0.74,0.821917808219178,-0.06107862248213125,0.007704160246533087,0.9208421052631579,0.019011700293049216,1.0514500318095088,2.200299990363419,24,1,2,preprocessing,3,"repair_level=1.0,n_quantiles=101,train_only_fit=True",0.6.1,1.5.2,german_extended_30seeds
german,lr,eqodds,8388608,8388608,8388608,age,[{'age': 1.0}],[{'age': 0.0}],600,200,200,0.72,0.8055555555555556,-0.003898635477582846,-0.012326656394452962,0.9947368421052631,0.00820019980892539,0.11845014523714781,0.2686500083655119,22,0,0,postprocessing,3,fit_on=validation,0.6.1,1.5.2,german_extended_30seeds
german,rf,baseline,8388608,8388608,8388608,age,[{'age': 1.0}],[{'age': 0.0}],600,200,200,0.74,0.8243243243243243,-0.08576998050682261,-0.06317411402157158,0.8922888616891065,0.11280510015785694,2.2056001471355557,4.212600062601268,0,0,0,none,1,,0.6.1,1.5.2,german_extended_30seeds
german,rf,reweighing,8388608,8388608,8388608,age,[{'age': 1.0}],[{'age': 0.0}],600,200,200,0.765,0.8417508417508418,-0.09194282001299547,-0.08859784283513095,0.8854251012145749,0.10639620013535023,3.662200062535703,6.062450003810227,6,0,0,preprocessing,2,,0.6.1,1.5.2,german_extended_30seeds
german,rf,dir,8388608,8388608,8388608,age,[{'age': 1.0}],[{'age': 0.0}],600,200,200,0.74,0.825503355704698,-0.19558154645873949,-0.12557781201849005,0.7635506677140612,0.21805960009805858,5.172649980522692,9.576499927788973,24,1,2,preprocessing,3,"repair_level=1.0,n_quantiles=101,train_only_fit=True",0.6.1,1.5.2,german_extended_30seeds
german,rf,eqodds,8388608,8388608,8388608,age,[{'age': 1.0}],[{'age': 0.0}],600,200,200,0.67,0.7642857142857142,0.01299545159194282,0.06394453004622502,1.0186306474149978,0.18446689983829856,3.5909999860450625,7.061599986627698,22,0,0,postprocessing,3,fit_on=validation,0.6.1,1.5.2,german_extended_30seeds
german,lr,baseline,16777216,16777216,16777216,age,[{'age': 1.0}],[{'age': 0.0}],600,200,200,0.73,0.8125,-0.1663417803768681,-0.1825885978428352,0.7844210526315789,0.005876499926671386,0.08205010090023279,0.22825004998594522,0,0,0,none,1,,0.6.1,1.5.2,german_extended_30seeds
german,lr,reweighing,16777216,16777216,16777216,age,[{'age': 1.0}],[{'age': 0.0}],600,200,200,0.75,0.8263888888888888,-0.036387264457439894,-0.03775038520801233,0.9512831665941713,0.01366810011677444,0.0809000339359045,0.15454995445907116,6,0,0,preprocessing,2,,0.6.1,1.5.2,german_extended_30seeds
german,lr,dir,16777216,16777216,16777216,age,[{'age': 1.0}],[{'age': 0.0}],600,200,200,0.72,0.8028169014084507,-0.20662768031189083,-0.2650231124807396,0.7278562259306803,0.028168999822810292,1.058399910107255,2.185900113545358,24,1,2,preprocessing,3,"repair_level=1.0,n_quantiles=101,train_only_fit=True",0.6.1,1.5.2,german_extended_30seeds
german,lr,eqodds,16777216,16777216,16777216,age,[{'age': 1.0}],[{'age': 0.0}],600,200,200,0.625,0.7368421052631579,-0.1478232618583496,-0.08089368258859786,0.8037100949094046,0.0061916999984532595,0.12245005927979946,0.361250014975667,22,0,0,postprocessing,3,fit_on=validation,0.6.1,1.5.2,german_extended_30seeds
german,rf,baseline,16777216,16777216,16777216,age,[{'age': 1.0}],[{'age': 0.0}],600,200,200,0.755,0.8403908794788274,-0.056205328135152666,-0.014637904468412954,0.933538225124856,0.152676000026986,3.9909500628709793,7.066600024700165,0,0,0,none,1,,0.6.1,1.5.2,german_extended_30seeds
german,rf,reweighing,16777216,16777216,16777216,age,[{'age': 1.0}],[{'age': 0.0}],600,200,200,0.75,0.8366013071895425,-0.01754385964912286,0.04776579352850541,0.9789473684210526,0.22535949992015958,3.6073499359190464,7.814000127837062,6,0,0,preprocessing,2,,0.6.1,1.5.2,german_extended_30seeds
german,rf,dir,16777216,16777216,16777216,age,[{'age': 1.0}],[{'age': 0.0}],600,200,200,0.765,0.8488745980707395,-0.17836257309941517,-0.09399075500770415,0.799342105263158,0.1915799998678267,4.892350058071315,10.140349972061813,24,1,2,preprocessing,3,"repair_level=1.0,n_quantiles=101,train_only_fit=True",0.6.1,1.5.2,german_extended_30seeds
german,rf,eqodds,16777216,16777216,16777216,age,[{'age': 1.0}],[{'age': 0.0}],600,200,200,0.675,0.7882736156351792,-0.056205328135152666,0.0531587057010785,0.933538225124856,0.1992552001029253,3.8702499587088823,5.832500057294965,22,0,0,postprocessing,3,fit_on=validation,0.6.1,1.5.2,german_extended_30seeds
german,lr,baseline,33554432,33554432,33554432,age,[{'age': 1.0}],[{'age': 0.0}],600,200,200,0.745,0.8210526315789474,-0.3102664067576349,-0.12865947611710327,0.6042271031910484,0.004747300175949931,0.07354991976171732,0.1714500831440091,0,0,0,none,1,,0.6.1,1.5.2,german_extended_30seeds
german,lr,reweighing,33554432,33554432,33554432,age,[{'age': 1.0}],[{'age': 0.0}],600,200,200,0.745,0.8247422680412371,-0.022417153996101447,0.11556240369799697,0.9704749679075737,0.004878500010818243,0.07759989239275455,0.1385500654578209,6,0,0,preprocessing,2,,0.6.1,1.5.2,german_extended_30seeds
german,lr,dir,33554432,33554432,33554432,age,[{'age': 1.0}],[{'age': 0.0}],600,200,200,0.725,0.8096885813148789,-0.30246913580246915,-0.2904468412942989,0.6230769230769231,0.030339700169861317,1.6967999981716275,3.7241498939692974,24,1,2,preprocessing,3,"repair_level=1.0,n_quantiles=101,train_only_fit=True",0.6.1,1.5.2,german_extended_30seeds
german,lr,eqodds,33554432,33554432,33554432,age,[{'age': 1.0}],[{'age': 0.0}],600,200,200,0.675,0.7653429602888087,-0.2608836907082522,-0.035439137134052334,0.6448474126492701,0.006614600075408816,0.16734993550926447,0.4772499669343233,22,0,0,postprocessing,3,fit_on=validation,0.6.1,1.5.2,german_extended_30seeds
german,rf,baseline,33554432,33554432,33554432,age,[{'age': 1.0}],[{'age': 0.0}],600,200,200,0.775,0.8494983277591973,-0.1042884990253411,-0.05161787365177195,0.8720095693779905,0.15414460003376007,3.502400009892881,7.675050059333444,0,0,0,none,1,,0.6.1,1.5.2,german_extended_30seeds
german,rf,reweighing,33554432,33554432,33554432,age,[{'age': 1.0}],[{'age': 0.0}],600,200,200,0.76,0.84,-0.07797270955165692,-0.04314329738058553,0.9043062200956937,0.24764600000344217,4.949699970893562,6.932949996553361,6,0,0,preprocessing,2,,0.6.1,1.5.2,german_extended_30seeds
german,rf,dir,33554432,33554432,33554432,age,[{'age': 1.0}],[{'age': 0.0}],600,200,200,0.755,0.835016835016835,-0.35185185185185186,-0.24191063174114025,0.5869565217391304,0.20428869989700615,4.600499989464879,8.336349972523749,24,1,2,preprocessing,3,"repair_level=1.0,n_quantiles=101,train_only_fit=True",0.6.1,1.5.2,german_extended_30seeds
german,rf,eqodds,33554432,33554432,33554432,age,[{'age': 1.0}],[{'age': 0.0}],600,200,200,0.755,0.835016835016835,-0.09194282001299547,-0.026194144838212585,0.8854251012145749,0.11892499984242022,2.5010500103235245,4.311250057071447,22,0,0,postprocessing,3,fit_on=validation,0.6.1,1.5.2,german_extended_30seeds
german,lr,baseline,67108864,67108864,67108864,age,[{'age': 1.0}],[{'age': 0.0}],600,200,200,0.765,0.8373702422145328,-0.23749187784275494,-0.32434514637904466,0.6994243421052633,0.005530500086024404,0.058399979025125504,0.18634996376931667,0,0,0,none,1,,0.6.1,1.5.2,german_extended_30seeds
german,lr,reweighing,67108864,67108864,67108864,age,[{'age': 1.0}],[{'age': 0.0}],600,200,200,0.77,0.8413793103448276,-0.14619883040935677,-0.17103235747303547,0.8120300751879699,0.005880899960175157,0.0491999089717865,0.14034996274858713,6,0,0,preprocessing,2,,0.6.1,1.5.2,german_extended_30seeds
german,lr,dir,67108864,67108864,67108864,age,[{'age': 1.0}],[{'age': 0.0}],600,200,200,0.76,0.8344827586206897,-0.2436647173489278,-0.32434514637904466,0.6940024479804162,0.028631400084123015,1.3155500637367368,3.6109999055042863,24,1,2,preprocessing,3,"repair_level=1.0,n_quantiles=101,train_only_fit=True",0.6.1,1.5.2,german_extended_30seeds
german,lr,eqodds,67108864,67108864,67108864,age,[{'age': 1.0}],[{'age': 0.0}],600,200,200,0.755,0.8327645051194539,-0.1322287199480181,-0.27889060092449924,0.8326480263157896,0.011508299969136715,0.1246999017894268,0.31415000557899475,22,0,0,postprocessing,3,fit_on=validation,0.6.1,1.5.2,german_extended_30seeds
german,rf,baseline,67108864,67108864,67108864,age,[{'age': 1.0}],[{'age': 0.0}],600,200,200,0.78,0.8580645161290322,-0.07472384665367116,0.005392912172573205,0.9135338345864662,0.13934789993800223,2.327699912711978,4.822549992240965,0,0,0,none,1,,0.6.1,1.5.2,german_extended_30seeds
german,rf,reweighing,67108864,67108864,67108864,age,[{'age': 1.0}],[{'age': 0.0}],600,200,200,0.785,0.86084142394822,-0.10103963612735534,0.005392912172573205,0.8830827067669174,0.1278597000055015,2.2670000325888395,4.2790500447154045,6,0,0,preprocessing,2,,0.6.1,1.5.2,german_extended_30seeds
german,rf,dir,67108864,67108864,67108864,age,[{'age': 1.0}],[{'age': 0.0}],600,200,200,0.785,0.8599348534201955,-0.2186484730344379,-0.14791987673343598,0.7505559673832469,0.11844429979100823,3.685350180603564,6.937950034625828,24,1,2,preprocessing,3,"repair_level=1.0,n_quantiles=101,train_only_fit=True",0.6.1,1.5.2,german_extended_30seeds
german,rf,eqodds,67108864,67108864,67108864,age,[{'age': 1.0}],[{'age': 0.0}],600,200,200,0.73,0.8246753246753247,-0.06237816764132553,0.056240369799691825,0.9267734553775744,0.1527052002493292,2.5092499563470483,3.79804999101907,22,0,0,postprocessing,3,fit_on=validation,0.6.1,1.5.2,german_extended_30seeds
german,lr,baseline,134217728,134217728,134217728,age,[{'age': 1.0}],[{'age': 0.0}],600,200,200,0.77,0.847682119205298,-0.025341130604288442,-0.006163328197226536,0.9688995215311006,0.010165999876335263,0.07140007801353931,0.16910000704228878,0,0,0,none,1,,0.6.1,1.5.2,german_extended_30seeds
german,lr,reweighing,134217728,134217728,134217728,age,[{'age': 1.0}],[{'age': 0.0}],600,200,200,0.765,0.8438538205980066,0.04580896686159841,0.056240369799691825,1.0575275397796817,0.007358599919825792,0.04879990592598915,0.12229999992996454,6,0,0,preprocessing,2,,0.6.1,1.5.2,german_extended_30seeds
german,lr,dir,134217728,134217728,134217728,age,[{'age': 1.0}],[{'age': 0.0}],600,200,200,0.745,0.8271186440677966,-0.14457439896036384,-0.11710323574730352,0.819838056680162,0.020138900028541684,1.063950010575354,3.3382499823346734,24,1,2,preprocessing,3,"repair_level=1.0,n_quantiles=101,train_only_fit=True",0.6.1,1.5.2,german_extended_30seeds
german,lr,eqodds,134217728,134217728,134217728,age,[{'age': 1.0}],[{'age': 0.0}],600,200,200,0.7,0.8026315789473685,-0.037686809616634176,0.04468412942989208,0.9544383346425765,0.010257799876853824,0.11550006456673145,0.3330499166622758,22,0,0,postprocessing,3,fit_on=validation,0.6.1,1.5.2,german_extended_30seeds
german,rf,baseline,134217728,134217728,134217728,age,[{'age': 1.0}],[{'age': 0.0}],600,200,200,0.75,0.8407643312101911,-0.03443794671864853,0.013867488443759624,0.9607116382505559,0.13915669987909496,2.3256500717252493,3.9083999581635,0,0,0,none,1,,0.6.1,1.5.2,german_extended_30seeds
german,rf,reweighing,134217728,134217728,134217728,age,[{'age': 1.0}],[{'age': 0.0}],600,200,200,0.78,0.8589743589743589,-0.022092267706302793,0.05084745762711862,0.9744360902255639,0.10449769999831915,2.6666501071304083,4.065099987201393,6,0,0,preprocessing,2,,0.6.1,1.5.2,german_extended_30seeds
german,rf,dir,134217728,134217728,134217728,age,[{'age': 1.0}],[{'age': 0.0}],600,200,200,0.755,0.842443729903537,0.016569200779727122,0.07627118644067798,1.0194508009153318,0.16366520011797547,4.434600006788969,7.848000037483871,24,1,2,preprocessing,3,"repair_level=1.0,n_quantiles=101,train_only_fit=True",0.6.1,1.5.2,german_extended_30seeds
german,rf,eqodds,134217728,134217728,134217728,age,[{'age': 1.0}],[{'age': 0.0}],600,200,200,0.745,0.8391167192429022,-0.052956465237167016,0.005392912172573205,0.9408348457350272,0.16017659986391664,2.9647998744621873,4.173150053247809,22,0,0,postprocessing,3,fit_on=validation,0.6.1,1.5.2,german_extended_30seeds
german,lr,baseline,268435456,268435456,268435456,age,[{'age': 1.0}],[{'age': 0.0}],600,200,200,0.755,0.8304498269896193,-0.205003248862898,-0.15408320493066252,0.7384997927890593,0.00400319998152554,0.043300213292241096,0.10419997852295637,0,0,0,none,1,,0.6.1,1.5.2,german_extended_30seeds
german,lr,reweighing,268435456,268435456,268435456,age,[{'age': 1.0}],[{'age': 0.0}],600,200,200,0.745,0.8235294117647058,-0.07504873294346981,-0.03775038520801233,0.9011553273427471,0.003784300060942769,0.047449953854084015,0.12389989569783211,6,0,0,preprocessing,2,,0.6.1,1.5.2,german_extended_30seeds
german,lr,dir,268435456,268435456,268435456,age,[{'age': 1.0}],[{'age': 0.0}],600,200,200,0.75,0.8275862068965517,-0.14619883040935677,-0.10015408320493069,0.8120300751879699,0.018365200143307447,1.012600027024746,2.2010999964550138,24,1,2,preprocessing,3,"repair_level=1.0,n_quantiles=101,train_only_fit=True",0.6.1,1.5.2,german_extended_30seeds
german,lr,eqodds,268435456,268435456,268435456,age,[{'age': 1.0}],[{'age': 0.0}],600,200,200,0.65,0.7307692307692307,-0.02599090318388564,0.05778120184899849,0.9570354457572503,0.006006099982187152,0.11479994282126427,0.25100004859268665,22,0,0,postprocessing,3,fit_on=validation,0.6.1,1.5.2,german_extended_30seeds
german,rf,baseline,268435456,268435456,268435456,age,[{'age': 1.0}],[{'age': 0.0}],600,200,200,0.73,0.8187919463087249,-0.09811565951916834,0.04468412942989208,0.8786661309762956,0.13868999993428588,2.007650095038116,5.823999876156449,0,0,0,none,1,,0.6.1,1.5.2,german_extended_30seeds
german,rf,reweighing,268435456,268435456,268435456,age,[{'age': 1.0}],[{'age': 0.0}],600,200,200,0.74,0.8278145695364238,-0.05782975958414549,0.07318952234206477,0.9295607439651762,0.1136147000361234,1.9893000135198236,3.330449922941625,6,0,0,preprocessing,2,,0.6.1,1.5.2,german_extended_30seeds
german,rf,dir,268435456,268435456,268435456,age,[{'age': 1.0}],[{'age': 0.0}],600,200,200,0.745,0.8305647840531561,-0.18161143599740082,-0.08859784283513095,0.7836687306501549,0.1153964998666197,2.980999881401658,5.985650001093745,24,1,2,preprocessing,3,"repair_level=1.0,n_quantiles=101,train_only_fit=True",0.6.1,1.5.2,german_extended_30seeds
german,rf,eqodds,268435456,268435456,268435456,age,[{'age': 1.0}],[{'age': 0.0}],600,200,200,0.715,0.8041237113402062,-0.022417153996101447,0.14098613251155623,0.9704749679075737,0.10088540008291602,2.3039000807330012,3.6045999731868505,22,0,0,postprocessing,3,fit_on=validation,0.6.1,1.5.2,german_extended_30seeds
german,lr,baseline,536870912,536870912,536870912,age,[{'age': 1.0}],[{'age': 0.0}],600,200,200,0.76,0.8333333333333334,-0.10136452241715399,-0.046224961479198745,0.8664955070603337,0.006399199832230806,0.04319986328482628,0.10664993897080421,0,0,0,none,1,,0.6.1,1.5.2,german_extended_30seeds
german,lr,reweighing,536870912,536870912,536870912,age,[{'age': 1.0}],[{'age': 0.0}],600,200,200,0.74,0.8181818181818182,-0.02404158544509427,0.03312788906009245,0.9672711189739053,0.0050246999599039555,0.04320009611546993,0.16329996287822723,6,0,0,preprocessing,2,,0.6.1,1.5.2,german_extended_30seeds
german,lr,dir,536870912,536870912,536870912,age,[{'age': 1.0}],[{'age': 0.0}],600,200,200,0.76,0.8321678321678322,-0.1864847303443794,-0.09167950693374427,0.7563667232597624,0.018204200081527233,0.9590500267222524,2.173549961298704,24,1,2,preprocessing,3,"repair_level=1.0,n_quantiles=101,train_only_fit=True",0.6.1,1.5.2,german_extended_30seeds
german,lr,eqodds,536870912,536870912,536870912,age,[{'age': 1.0}],[{'age': 0.0}],600,200,200,0.695,0.7859649122807018,-0.08284600389863539,0.02157164869029282,0.8881578947368423,0.006881400011479855,0.11140014976263046,0.2364999381825328,22,0,0,postprocessing,3,fit_on=validation,0.6.1,1.5.2,german_extended_30seeds
german,rf,baseline,536870912,536870912,536870912,age,[{'age': 1.0}],[{'age': 0.0}],600,200,200,0.765,0.8459016393442623,-0.011371020142949995,-0.014637904468412954,0.9862529457973291,0.10704090003855526,1.9665500149130821,3.370049991644919,0,0,0,none,1,,0.6.1,1.5.2,german_extended_30seeds
german,rf,reweighing,536870912,536870912,536870912,age,[{'age': 1.0}],[{'age': 0.0}],600,200,200,0.775,0.8534201954397395,0.00877192982456132,0.07627118644067798,1.0105263157894735,0.10679150000214577,2.122999867424369,3.4905499778687954,6,0,0,preprocessing,2,,0.6.1,1.5.2,german_extended_30seeds
german,rf,dir,536870912,536870912,536870912,age,[{'age': 1.0}],[{'age': 0.0}],600,200,200,0.77,0.8506493506493507,-0.09486679662118258,-0.08551617873651773,0.8894358197652404,0.134268700145185,2.9549000319093466,7.519699865952134,24,1,2,preprocessing,3,"repair_level=1.0,n_quantiles=101,train_only_fit=True",0.6.1,1.5.2,german_extended_30seeds
german,rf,eqodds,536870912,536870912,536870912,age,[{'age': 1.0}],[{'age': 0.0}],600,200,200,0.675,0.7686832740213523,0.13677712800519815,0.16332819722650227,1.2014354066985646,0.11840689997188747,2.398550044745207,3.5935998894274235,22,0,0,postprocessing,3,fit_on=validation,0.6.1,1.5.2,german_extended_30seeds
german,lr,baseline,999999999,999999999,999999999,age,[{'age': 1.0}],[{'age': 0.0}],600,200,200,0.74,0.8142857142857143,-0.3443794671864847,-0.3728813559322034,0.5500848896434635,0.003571100067347288,0.04959991201758385,0.1180499093607068,0,0,0,none,1,,0.6.1,1.5.2,german_extended_30seeds
german,lr,reweighing,999999999,999999999,999999999,age,[{'age': 1.0}],[{'age': 0.0}],600,200,200,0.74,0.8156028368794326,-0.22677063027940225,-0.27349768875192604,0.6988783433994823,0.005325499922037125,0.04400010220706463,0.10649999603629112,6,0,0,preprocessing,2,,0.6.1,1.5.2,german_extended_30seeds
german,lr,dir,999999999,999999999,999999999,age,[{'age': 1.0}],[{'age': 0.0}],600,200,200,0.73,0.8111888111888111,-0.3489278752436647,-0.3359013867488444,0.561811505507956,0.019953800132498145,0.9636001195758581,2.177249873057008,24,1,2,preprocessing,3,"repair_level=1.0,n_quantiles=101,train_only_fit=True",0.6.1,1.5.2,german_extended_30seeds
german,lr,eqodds,999999999,999999999,999999999,age,[{'age': 1.0}],[{'age': 0.0}],600,200,200,0.725,0.8014440433212996,-0.3258609486679662,-0.34745762711864403,0.5637233579817311,0.00672339997254312,0.11179991997778416,0.2542500151321292,22,0,0,postprocessing,3,fit_on=validation,0.6.1,1.5.2,german_extended_30seeds
german,rf,baseline,999999999,999999999,999999999,age,[{'age': 1.0}],[{'age': 0.0}],600,200,200,0.75,0.8355263157894737,-0.2651072124756335,-0.21340523882896767,0.6954087346024637,0.09764870000071824,2.0680000307038426,3.4305499866604805,0,0,0,none,1,,0.6.1,1.5.2,german_extended_30seeds
german,rf,reweighing,999999999,999999999,999999999,age,[{'age': 1.0}],[{'age': 0.0}],600,200,200,0.74,0.8243243243243243,-0.2807017543859649,-0.2249614791987674,0.6631578947368422,0.12564340000972152,1.9539999775588512,3.394800121895969,6,0,0,preprocessing,2,,0.6.1,1.5.2,german_extended_30seeds
german,rf,dir,999999999,999999999,999999999,age,[{'age': 1.0}],[{'age': 0.0}],600,200,200,0.725,0.8184818481848185,-0.38888888888888884,-0.40369799691833597,0.5625,0.10888569988310337,3.1783500453457236,5.538950092159212,24,1,2,preprocessing,3,"repair_level=1.0,n_quantiles=101,train_only_fit=True",0.6.1,1.5.2,german_extended_30seeds
german,rf,eqodds,999999999,999999999,999999999,age,[{'age': 1.0}],[{'age': 0.0}],600,200,200,0.745,0.8327868852459016,-0.23879142300194933,-0.21340523882896767,0.7256438969764838,0.0973002000246197,2.0448501454666257,3.5623001167550683,22,0,0,postprocessing,3,fit_on=validation,0.6.1,1.5.2,german_extended_30seeds
german,lr,baseline,111,111,111,age,[{'age': 1.0}],[{'age': 0.0}],600,200,200,0.76,0.8367346938775511,-0.17089018843404813,-0.071648690292758,0.7870445344129554,0.004742800025269389,0.04309997893869877,0.10755006223917007,0,0,0,none,1,,0.6.1,1.5.2,german_extended_30seeds
german,lr,reweighing,111,111,111,age,[{'age': 1.0}],[{'age': 0.0}],600,200,200,0.745,0.8247422680412371,-0.08739441195581543,-0.046224961479198745,0.8867368421052632,0.003924600081518292,0.04329998046159744,0.10119983926415443,6,0,0,preprocessing,2,,0.6.1,1.5.2,german_extended_30seeds
german,lr,dir,111,111,111,age,[{'age': 1.0}],[{'age': 0.0}],600,200,200,0.75,0.8299319727891157,-0.20337881741390518,-0.11710323574730352,0.7484933708316592,0.019451100146397948,0.9500000160187483,3.194750053808093,24,1,2,preprocessing,3,"repair_level=1.0,n_quantiles=101,train_only_fit=True",0.6.1,1.5.2,german_extended_30seeds
german,lr,eqodds,111,111,111,age,[{'age': 1.0}],[{'age': 0.0}],600,200,200,0.69,0.7737226277372263,-0.047433398310591346,0.07241910631741144,0.9301435406698564,0.005401900038123131,0.11159991845488548,0.42449997272342443,22,0,0,postprocessing,3,fit_on=validation,0.6.1,1.5.2,german_extended_30seeds
german,rf,baseline,111,111,111,age,[{'age': 1.0}],[{'age': 0.0}],600,200,200,0.755,0.8403908794788274,-0.18615984405458086,-0.06856702619414479,0.7861142217245242,0.1279458999633789,2.1217999747022986,4.237649962306023,0,0,0,none,1,,0.6.1,1.5.2,german_extended_30seeds
german,rf,reweighing,111,111,111,age,[{'age': 1.0}],[{'age': 0.0}],600,200,200,0.775,0.8524590163934426,-0.10883690708252114,-0.023112480739599373,0.8713023434498655,0.15433839987963438,3.0408500460907817,4.398299963213503,6,0,0,preprocessing,2,,0.6.1,1.5.2,german_extended_30seeds
german,rf,dir,111,111,111,age,[{'age': 1.0}],[{'age': 0.0}],600,200,200,0.76,0.8451612903225807,-0.2371669915529564,-0.0315870570107859,0.7350272232304901,0.1919076000340283,5.251399939879775,10.252100066281855,24,1,2,preprocessing,3,"repair_level=1.0,n_quantiles=101,train_only_fit=True",0.6.1,1.5.2,german_extended_30seeds
german,rf,eqodds,111,111,111,age,[{'age': 1.0}],[{'age': 0.0}],600,200,200,0.74,0.8289473684210527,-0.07017543859649122,0.0107858243451463,0.9157894736842105,0.23522839974611998,3.8104000268504024,5.230700015090406,22,0,0,postprocessing,3,fit_on=validation,0.6.1,1.5.2,german_extended_30seeds
german,lr,baseline,222,222,222,age,[{'age': 1.0}],[{'age': 0.0}],600,200,200,0.74,0.8206896551724138,-0.308641975308642,-0.3073959938366718,0.6183206106870228,0.007507500005885959,0.04879990592598915,0.15030009672045708,0,0,0,none,1,,0.6.1,1.5.2,german_extended_30seeds
german,lr,reweighing,222,222,222,age,[{'age': 1.0}],[{'age': 0.0}],600,200,200,0.775,0.8432055749128919,-0.16016894087069522,-0.16255778120184894,0.7907470288624788,0.007553099887445569,0.07910002022981644,0.1957000931724906,6,0,0,preprocessing,2,,0.6.1,1.5.2,german_extended_30seeds
german,lr,dir,222,222,222,age,[{'age': 1.0}],[{'age': 0.0}],600,200,200,0.725,0.8070175438596491,-0.34275503573749183,-0.3813559322033898,0.5662006578947368,0.03794720000587404,1.6904500080272555,2.135350019671023,24,1,2,preprocessing,3,"repair_level=1.0,n_quantiles=101,train_only_fit=True",0.6.1,1.5.2,german_extended_30seeds
german,lr,eqodds,222,222,222,age,[{'age': 1.0}],[{'age': 0.0}],600,200,200,0.665,0.7509293680297398,-0.17901234567901236,-0.15485362095531585,0.7363636363636363,0.006628699833527207,0.12604997027665377,0.2377500059083104,22,0,0,postprocessing,3,fit_on=validation,0.6.1,1.5.2,german_extended_30seeds
german,rf,baseline,222,222,222,age,[{'age': 1.0}],[{'age': 0.0}],600,200,200,0.77,0.8486842105263158,-0.2651072124756335,-0.2303543913713405,0.6954087346024637,0.10506310011260211,2.3530999897047877,6.8306500324979424,0,0,0,none,1,,0.6.1,1.5.2,german_extended_30seeds
german,rf,reweighing,222,222,222,age,[{'age': 1.0}],[{'age': 0.0}],600,200,200,0.775,0.8524590163934426,-0.30376868096166343,-0.29275808936825887,0.6558704453441295,0.24188910005614161,4.927449976094067,8.656950085423887,6,0,0,preprocessing,2,,0.6.1,1.5.2,german_extended_30seeds
german,rf,dir,222,222,222,age,[{'age': 1.0}],[{'age': 0.0}],600,200,200,0.775,0.847457627118644,-0.4369720597790774,-0.4121725731895224,0.4907232109049602,0.24754930031485856,5.5743500124663115,10.234849876724184,24,1,2,preprocessing,3,"repair_level=1.0,n_quantiles=101,train_only_fit=True",0.6.1,1.5.2,german_extended_30seeds
german,rf,eqodds,222,222,222,age,[{'age': 1.0}],[{'age': 0.0}],600,200,200,0.725,0.8172757475083057,-0.24658869395711502,-0.17950693374422189,0.7105263157894737,0.16605000011622906,4.0776500245556235,6.6402999218553305,22,0,0,postprocessing,3,fit_on=validation,0.6.1,1.5.2,german_extended_30seeds
german,lr,baseline,333,333,333,age,[{'age': 1.0}],[{'age': 0.0}],600,200,200,0.805,0.8695652173913043,-0.20175438596491235,-0.13097072419106315,0.7578947368421052,0.009429600089788437,0.08600007276982069,0.18164992798119783,0,0,0,none,1,,0.6.1,1.5.2,german_extended_30seeds
german,lr,reweighing,333,333,333,age,[{'age': 1.0}],[{'age': 0.0}],600,200,200,0.785,0.8571428571428571,-0.05165692007797262,-0.06856702619414479,0.9366028708133972,0.00856049987487495,0.09904999751597643,0.2125999890267849,6,0,0,preprocessing,2,,0.6.1,1.5.2,german_extended_30seeds
german,lr,dir,333,333,333,age,[{'age': 1.0}],[{'age': 0.0}],600,200,200,0.795,0.8600682593856656,-0.22969460688758936,-0.20493066255778114,0.7159501807955002,0.04796840017661452,1.8132999539375305,2.7997499564662576,24,1,2,preprocessing,3,"repair_level=1.0,n_quantiles=101,train_only_fit=True",0.6.1,1.5.2,german_extended_30seeds
german,lr,eqodds,333,333,333,age,[{'age': 1.0}],[{'age': 0.0}],600,200,200,0.74,0.8181818181818182,-0.12150747238466542,-0.02080123266563938,0.8386540120793787,0.00843319995328784,0.14145008753985167,0.3758501261472702,22,0,0,postprocessing,3,fit_on=validation,0.6.1,1.5.2,german_extended_30seeds
german,rf,baseline,333,333,333,age,[{'age': 1.0}],[{'age': 0.0}],600,200,200,0.76,0.8421052631578947,-0.07017543859649122,-0.006163328197226536,0.9157894736842105,0.1367119001224637,3.142350120469928,4.06164990272373,0,0,0,none,1,,0.6.1,1.5.2,german_extended_30seeds
german,rf,reweighing,333,333,333,age,[{'age': 1.0}],[{'age': 0.0}],600,200,200,0.785,0.8590163934426229,-0.10883690708252114,0.022342064714946153,0.8713023434498655,0.12349379993975163,2.4877499090507627,3.895050031132996,6,0,0,preprocessing,2,,0.6.1,1.5.2,german_extended_30seeds
german,rf,dir,333,333,333,age,[{'age': 1.0}],[{'age': 0.0}],600,200,200,0.765,0.842809364548495,-0.20175438596491235,-0.20493066255778114,0.7578947368421052,0.1219721999950707,3.7506999215111136,8.260149974375963,24,1,2,preprocessing,3,"repair_level=1.0,n_quantiles=101,train_only_fit=True",0.6.1,1.5.2,german_extended_30seeds
german,rf,eqodds,333,333,333,age,[{'age': 1.0}],[{'age': 0.0}],600,200,200,0.75,0.8344370860927153,-0.05782975958414549,0.0107858243451463,0.9295607439651762,0.12032409990206361,3.5352500854060054,5.598700023256242,22,0,0,postprocessing,3,fit_on=validation,0.6.1,1.5.2,german_extended_30seeds
german,lr,baseline,444,444,444,age,[{'age': 1.0}],[{'age': 0.0}],600,200,200,0.795,0.8571428571428571,-0.12768031189083828,-0.17950693374422189,0.8318356867779203,0.00754780019633472,0.08364988025277853,0.23220002185553312,0,0,0,none,1,,0.6.1,1.5.2,german_extended_30seeds
german,lr,reweighing,444,444,444,age,[{'age': 1.0}],[{'age': 0.0}],600,200,200,0.805,0.865979381443299,0.04256010396361276,0.0107858243451463,1.056981296215746,0.011990699917078018,0.08459994569420815,0.15444995369762182,6,0,0,preprocessing,2,,0.6.1,1.5.2,german_extended_30seeds
german,lr,dir,444,444,444,age,[{'age': 1.0}],[{'age': 0.0}],600,200,200,0.805,0.8650519031141869,-0.1400259909031839,-0.19645608628659472,0.8185263157894737,0.03672190010547638,1.5075999544933438,2.399749937467277,24,1,2,preprocessing,3,"repair_level=1.0,n_quantiles=101,train_only_fit=True",0.6.1,1.5.2,german_extended_30seeds
german,lr,eqodds,444,444,444,age,[{'age': 1.0}],[{'age': 0.0}],600,200,200,0.7,0.7761194029850746,-0.010396361273554255,-0.018489984591679498,0.9838056680161943,0.00882989983074367,0.12005004100501537,0.31004997435957193,22,0,0,postprocessing,3,fit_on=validation,0.6.1,1.5.2,german_extended_30seeds
german,rf,baseline,444,444,444,age,[{'age': 1.0}],[{'age': 0.0}],600,200,200,0.825,0.8867313915857605,-0.10103963612735534,-0.028505392912172578,0.8830827067669174,0.11969950003549457,3.0659999465569854,7.069300045259297,0,0,0,none,1,,0.6.1,1.5.2,german_extended_30seeds
german,rf,reweighing,444,444,444,age,[{'age': 1.0}],[{'age': 0.0}],600,200,200,0.795,0.8664495114006515,-0.18615984405458086,-0.1563944530046224,0.7861142217245242,0.20385340019129217,4.186150035820901,8.665300090797246,6,0,0,preprocessing,2,,0.6.1,1.5.2,german_extended_30seeds
german,rf,dir,444,444,444,age,[{'age': 1.0}],[{'age': 0.0}],600,200,200,0.81,0.8741721854304636,-0.3177387914230019,-0.25577812018489987,0.6349384098544234,0.2686562000308186,7.159000029787421,9.795150021091104,24,1,2,preprocessing,3,"repair_level=1.0,n_quantiles=101,train_only_fit=True",0.6.1,1.5.2,german_extended_30seeds
german,rf,eqodds,444,444,444,age,[{'age': 1.0}],[{'age': 0.0}],600,200,200,0.77,0.8486842105263158,0.05977907732293697,0.03929121725731899,1.0739252711932503,0.17821720009669662,3.853800008073449,4.442900069989264,22,0,0,postprocessing,3,fit_on=validation,0.6.1,1.5.2,german_extended_30seeds
german,lr,baseline,555,555,555,age,[{'age': 1.0}],[{'age': 0.0}],600,200,200,0.745,0.8235294117647058,-0.2699805068226121,-0.1456086286594761,0.6609547123623011,0.006829500198364258,0.04804995842278004,0.13860000763088465,0,0,0,none,1,,0.6.1,1.5.2,german_extended_30seeds
german,lr,reweighing,555,555,555,age,[{'age': 1.0}],[{'age': 0.0}],600,200,200,0.755,0.8316151202749141,-0.15237166991552964,-0.05469953775038516,0.8056361375880645,0.005840800004079938,0.04339986480772495,0.17514987848699093,6,0,0,preprocessing,2,,0.6.1,1.5.2,german_extended_30seeds
german,lr,dir,555,555,555,age,[{'age': 1.0}],[{'age': 0.0}],600,200,200,0.74,0.821917808219178,-0.2884990253411306,-0.15408320493066252,0.645933014354067,0.029354600002989173,1.274599926546216,3.947199904359877,24,1,2,preprocessing,3,"repair_level=1.0,n_quantiles=101,train_only_fit=True",0.6.1,1.5.2,german_extended_30seeds
german,lr,eqodds,555,555,555,age,[{'age': 1.0}],[{'age': 0.0}],600,200,200,0.635,0.7181467181467182,-0.08479532163742698,0.07473035439137132,0.8612440191387558,0.012283500051125884,0.14504999853670597,0.5285999504849315,22,0,0,postprocessing,3,fit_on=validation,0.6.1,1.5.2,german_extended_30seeds
german,rf,baseline,555,555,555,age,[{'age': 1.0}],[{'age': 0.0}],600,200,200,0.785,0.858085808580858,-0.1614684860298895,0.03081664098613257,0.8090664617748752,0.14887110004201531,3.5167000023648143,4.74505010060966,0,0,0,none,1,,0.6.1,1.5.2,german_extended_30seeds
german,rf,reweighing,555,555,555,age,[{'age': 1.0}],[{'age': 0.0}],600,200,200,0.785,0.858085808580858,-0.12897985705003245,0.03081664098613257,0.8463622291021672,0.13801750005222857,2.3768000537529588,4.197150003165007,6,0,0,preprocessing,2,,0.6.1,1.5.2,german_extended_30seeds
german,rf,dir,555,555,555,age,[{'age': 1.0}],[{'age': 0.0}],600,200,200,0.765,0.8448844884488449,-0.25893437296946065,-0.1140215716486902,0.7003759398496241,0.14567960007116199,5.123250070028007,6.120499921962619,24,1,2,preprocessing,3,"repair_level=1.0,n_quantiles=101,train_only_fit=True",0.6.1,1.5.2,german_extended_30seeds
german,rf,eqodds,555,555,555,age,[{'age': 1.0}],[{'age': 0.0}],600,200,200,0.66,0.7638888888888888,-0.06887589343729694,0.20030816640986138,0.908541846419327,0.14081070013344288,2.5631000753492117,5.578099982813001,22,0,0,postprocessing,3,fit_on=validation,0.6.1,1.5.2,german_extended_30seeds
